CustomerKey,CustomerName,CustomerSegment,GeographyKey,EmailDomain,BirthYear
1,Valentina Torres 0001,Educacion,28,fabrikam.com,1964
2,Juan Castro 0002,Pyme,26,contoso.com,1961
3,Jorge Diaz 0003,Pyme,19,empresa.com,1972
4,Miguel Morales 0004,Retail,14,contoso.com,1966
5,Diego Garcia 0005,Retail,3,outlook.com,1962
6,Camila Castro 0006,Educacion,18,contoso.com,1981
7,Juan Torres 0007,Retail,14,contoso.com,1992
8,Valentina Martinez 0008,Educacion,32,empresa.com,1983
9,Pedro Perez 0009,Gobierno,8,contoso.com,1997
10,Jorge Martinez 0010,Retail,29,contoso.com,1982
11,Jorge Vargas 0011,Retail,27,contoso.com,1962
12,Miguel Perez 0012,Corporativo,14,empresa.com,1989
13,Daniela Martinez 0013,Gobierno,29,empresa.com,1982
14,Carlos Lopez 0014,Educacion,33,fabrikam.com,1961
15,Maria Morales 0015,Gobierno,24,outlook.com,1983
16,Miguel Torres 0016,Educacion,33,cliente.co,1996
17,Laura Morales 0017,Corporativo,26,gmail.com,1987
18,Miguel Castro 0018,Pyme,5,contoso.com,1974
19,Valentina Diaz 0019,Pyme,11,gmail.com,1997
20,Pedro Torres 0020,Retail,11,cliente.co,1982
21,Juan Gomez 0021,Corporativo,10,gmail.com,1961
22,Diego Rodriguez 0022,Corporativo,17,empresa.com,1986
23,Carlos Martinez 0023,Educacion,32,fabrikam.com,1970
24,Diego Perez 0024,Gobierno,9,cliente.co,1966
25,Carlos Ramirez 0025,Gobierno,30,cliente.co,1968
26,Miguel Ramirez 0026,Corporativo,3,fabrikam.com,1969
27,Diego Castro 0027,Corporativo,15,contoso.com,1997
28,Diego Rodriguez 0028,Gobierno,9,cliente.co,1989
29,Sofia Vargas 0029,Corporativo,5,contoso.com,1960
30,Diego Rodriguez 0030,Gobierno,25,contoso.com,2001
31,Laura Ramirez 0031,Corporativo,1,fabrikam.com,1988
32,Jorge Ramirez 0032,Educacion,14,empresa.com,1963
33,Andres Torres 0033,Gobierno,21,outlook.com,2002
34,Carlos Castro 0034,Educacion,9,outlook.com,1974
35,Camila Perez 0035,Pyme,11,gmail.com,2001
36,Valentina Diaz 0036,Corporativo,15,cliente.co,1999
37,Juan Rodriguez 0037,Educacion,12,fabrikam.com,2003
38,Ana Morales 0038,Corporativo,3,contoso.com,1987
39,Andres Garcia 0039,Corporativo,12,contoso.com,1971
40,Miguel Diaz 0040,Gobierno,26,fabrikam.com,2003
41,Carlos Rojas 0041,Corporativo,8,cliente.co,1972
42,Camila Martinez 0042,Educacion,30,outlook.com,1967
43,Maria Castro 0043,Pyme,12,contoso.com,1998
44,Laura Torres 0044,Gobierno,12,fabrikam.com,1983
45,Isabella Rojas 0045,Retail,27,fabrikam.com,1992
46,Valentina Sanchez 0046,Corporativo,12,gmail.com,1987
47,Camila Gomez 0047,Gobierno,1,gmail.com,1966
48,Miguel Castro 0048,Gobierno,10,gmail.com,1984
49,Carlos Morales 0049,Educacion,6,fabrikam.com,1965
50,Felipe Sanchez 0050,Gobierno,32,gmail.com,1970
51,Juan Rojas 0051,Corporativo,29,cliente.co,2001
52,Andres Martinez 0052,Corporativo,7,cliente.co,1989
53,Maria Castro 0053,Gobierno,25,contoso.com,1984
54,Laura Rojas 0054,Pyme,13,empresa.com,1981
55,Isabella Morales 0055,Educacion,31,empresa.com,1985
56,Maria Gomez 0056,Pyme,4,empresa.com,1998
57,Diego Lopez 0057,Retail,24,cliente.co,2002
58,Andres Ramirez 0058,Pyme,29,fabrikam.com,1998
59,Jorge Ramirez 0059,Gobierno,8,gmail.com,1961
60,Pedro Ramirez 0060,Educacion,18,empresa.com,1998
61,Diego Ramirez 0061,Educacion,28,outlook.com,1981
62,Pedro Sanchez 0062,Gobierno,27,outlook.com,2002
63,Sofia Perez 0063,Retail,18,gmail.com,1984
64,Isabella Sanchez 0064,Retail,24,cliente.co,1965
65,Laura Garcia 0065,Corporativo,26,gmail.com,1985
66,Diego Vargas 0066,Corporativo,24,cliente.co,1993
67,Camila Garcia 0067,Educacion,1,cliente.co,1990
68,Laura Garcia 0068,Educacion,2,empresa.com,1995
69,Isabella Martinez 0069,Gobierno,27,cliente.co,1980
70,Camila Lopez 0070,Gobierno,2,fabrikam.com,2003
71,Carlos Vargas 0071,Educacion,22,gmail.com,2002
72,Jorge Vargas 0072,Retail,15,contoso.com,1983
73,Daniela Ramirez 0073,Corporativo,23,fabrikam.com,1978
74,Valentina Rodriguez 0074,Gobierno,18,fabrikam.com,1988
75,Jorge Diaz 0075,Educacion,32,fabrikam.com,1971
76,Juan Torres 0076,Gobierno,31,contoso.com,1986
77,Isabella Vargas 0077,Pyme,17,cliente.co,1993
78,Miguel Vargas 0078,Retail,32,cliente.co,1973
79,Diego Castro 0079,Gobierno,22,empresa.com,1979
80,Andres Torres 0080,Gobierno,33,cliente.co,1965
81,Valentina Ramirez 0081,Educacion,29,fabrikam.com,1970
82,Felipe Garcia 0082,Gobierno,5,gmail.com,1980
83,Carlos Rojas 0083,Corporativo,11,gmail.com,1995
84,Carlos Perez 0084,Gobierno,7,contoso.com,1985
85,Felipe Rojas 0085,Gobierno,17,gmail.com,1965
86,Ana Vargas 0086,Retail,32,contoso.com,1982
87,Camila Vargas 0087,Corporativo,8,fabrikam.com,1961
88,Pedro Perez 0088,Educacion,20,cliente.co,1970
89,Ana Ramirez 0089,Pyme,16,gmail.com,1979
90,Andres Ramirez 0090,Educacion,24,empresa.com,1962
91,Pedro Gomez 0091,Gobierno,14,contoso.com,1970
92,Isabella Morales 0092,Retail,29,empresa.com,1979
93,Andres Martinez 0093,Retail,20,outlook.com,1991
94,Daniela Vargas 0094,Corporativo,19,gmail.com,1977
95,Valentina Vargas 0095,Pyme,1,empresa.com,2000
96,Valentina Sanchez 0096,Pyme,29,contoso.com,1977
97,Diego Torres 0097,Pyme,12,empresa.com,1969
98,Camila Lopez 0098,Educacion,9,empresa.com,1966
99,Valentina Ramirez 0099,Retail,23,empresa.com,1982
100,Laura Garcia 0100,Gobierno,15,contoso.com,1970
101,Pedro Castro 0101,Educacion,17,outlook.com,1993
102,Andres Castro 0102,Gobierno,18,fabrikam.com,1977
103,Camila Torres 0103,Gobierno,3,fabrikam.com,1978
104,Carlos Diaz 0104,Gobierno,32,outlook.com,1960
105,Camila Vargas 0105,Educacion,3,outlook.com,1969
106,Maria Vargas 0106,Corporativo,26,contoso.com,1986
107,Daniela Ramirez 0107,Corporativo,18,empresa.com,1993
108,Valentina Martinez 0108,Pyme,26,outlook.com,1992
109,Laura Rodriguez 0109,Retail,29,fabrikam.com,1969
110,Maria Vargas 0110,Pyme,6,gmail.com,1968
111,Laura Gomez 0111,Corporativo,30,empresa.com,1992
112,Juan Sanchez 0112,Corporativo,28,contoso.com,1974
113,Pedro Vargas 0113,Retail,17,gmail.com,1993
114,Daniela Perez 0114,Gobierno,25,contoso.com,1965
115,Isabella Garcia 0115,Pyme,5,cliente.co,1987
116,Sofia Castro 0116,Pyme,17,contoso.com,2002
117,Diego Sanchez 0117,Pyme,19,outlook.com,1961
118,Maria Ramirez 0118,Gobierno,17,gmail.com,1984
119,Jorge Perez 0119,Gobierno,11,empresa.com,1960
120,Miguel Diaz 0120,Corporativo,24,cliente.co,1984
121,Juan Ramirez 0121,Gobierno,7,outlook.com,1972
122,Camila Lopez 0122,Retail,8,gmail.com,1994
123,Camila Perez 0123,Pyme,15,cliente.co,1967
124,Juan Rodriguez 0124,Corporativo,6,contoso.com,1999
125,Carlos Perez 0125,Gobierno,29,fabrikam.com,2003
126,Jorge Perez 0126,Educacion,9,empresa.com,1978
127,Carlos Garcia 0127,Gobierno,23,cliente.co,1993
128,Miguel Lopez 0128,Gobierno,13,fabrikam.com,1981
129,Juan Perez 0129,Educacion,33,cliente.co,1984
130,Miguel Gomez 0130,Corporativo,11,contoso.com,1992
131,Valentina Perez 0131,Educacion,16,contoso.com,1969
132,Daniela Gomez 0132,Pyme,25,contoso.com,1982
133,Carlos Castro 0133,Educacion,33,contoso.com,1990
134,Sofia Torres 0134,Corporativo,9,empresa.com,1993
135,Camila Ramirez 0135,Educacion,7,outlook.com,1969
136,Sofia Rojas 0136,Corporativo,23,gmail.com,1995
137,Isabella Martinez 0137,Retail,8,contoso.com,1996
138,Maria Castro 0138,Gobierno,28,fabrikam.com,1994
139,Isabella Gomez 0139,Educacion,29,outlook.com,1990
140,Felipe Garcia 0140,Retail,12,outlook.com,2003
141,Daniela Lopez 0141,Pyme,18,empresa.com,1982
142,Daniela Sanchez 0142,Educacion,4,gmail.com,1985
143,Maria Martinez 0143,Retail,15,contoso.com,1984
144,Juan Lopez 0144,Pyme,16,gmail.com,1963
145,Jorge Torres 0145,Retail,17,cliente.co,1978
146,Diego Rojas 0146,Retail,32,contoso.com,1960
147,Valentina Rodriguez 0147,Gobierno,18,fabrikam.com,1980
148,Daniela Gomez 0148,Retail,30,cliente.co,1994
149,Jorge Rodriguez 0149,Corporativo,22,cliente.co,1978
150,Pedro Rodriguez 0150,Corporativo,12,fabrikam.com,1967
151,Daniela Ramirez 0151,Educacion,28,outlook.com,1961
152,Diego Martinez 0152,Corporativo,5,gmail.com,2002
153,Sofia Sanchez 0153,Pyme,24,contoso.com,2000
154,Pedro Martinez 0154,Corporativo,26,gmail.com,1987
155,Juan Rodriguez 0155,Pyme,1,outlook.com,1963
156,Jorge Rodriguez 0156,Corporativo,3,empresa.com,1963
157,Ana Perez 0157,Pyme,20,contoso.com,1978
158,Daniela Garcia 0158,Retail,31,fabrikam.com,1968
159,Valentina Garcia 0159,Pyme,27,outlook.com,1972
160,Sofia Diaz 0160,Pyme,8,cliente.co,1960
161,Miguel Garcia 0161,Retail,3,cliente.co,2001
162,Camila Martinez 0162,Corporativo,16,cliente.co,1982
163,Laura Sanchez 0163,Pyme,21,empresa.com,1971
164,Maria Morales 0164,Pyme,14,empresa.com,2001
165,Miguel Castro 0165,Retail,1,gmail.com,2002
166,Laura Ramirez 0166,Corporativo,4,fabrikam.com,1968
167,Carlos Rodriguez 0167,Corporativo,22,gmail.com,1974
168,Ana Gomez 0168,Retail,15,empresa.com,1998
169,Isabella Torres 0169,Gobierno,21,fabrikam.com,1986
170,Juan Sanchez 0170,Pyme,20,empresa.com,1995
171,Isabella Gomez 0171,Retail,21,outlook.com,1967
172,Juan Rojas 0172,Retail,31,empresa.com,1989
173,Jorge Torres 0173,Gobierno,30,contoso.com,1978
174,Camila Perez 0174,Gobierno,3,cliente.co,1960
175,Daniela Rodriguez 0175,Corporativo,13,empresa.com,1967
176,Felipe Diaz 0176,Pyme,18,outlook.com,1964
177,Andres Torres 0177,Retail,32,gmail.com,1969
178,Laura Ramirez 0178,Retail,20,empresa.com,1970
179,Miguel Diaz 0179,Pyme,3,cliente.co,1974
180,Carlos Sanchez 0180,Gobierno,2,gmail.com,1976
181,Pedro Ramirez 0181,Pyme,7,fabrikam.com,1985
182,Andres Castro 0182,Educacion,29,outlook.com,1999
183,Pedro Gomez 0183,Gobierno,34,gmail.com,1982
184,Camila Torres 0184,Pyme,23,gmail.com,1984
185,Laura Diaz 0185,Pyme,3,gmail.com,1982
186,Ana Torres 0186,Retail,18,outlook.com,1971
187,Laura Vargas 0187,Corporativo,30,outlook.com,1972
188,Laura Martinez 0188,Pyme,7,contoso.com,1971
189,Maria Gomez 0189,Retail,26,empresa.com,1986
190,Maria Rodriguez 0190,Educacion,30,fabrikam.com,1998
191,Camila Martinez 0191,Gobierno,8,cliente.co,1988
192,Juan Perez 0192,Pyme,15,contoso.com,1993
193,Ana Castro 0193,Retail,17,contoso.com,1965
194,Felipe Rodriguez 0194,Retail,6,cliente.co,2001
195,Andres Garcia 0195,Educacion,1,cliente.co,1963
196,Jorge Morales 0196,Gobierno,12,empresa.com,1991
197,Miguel Sanchez 0197,Pyme,21,empresa.com,1991
198,Felipe Sanchez 0198,Educacion,28,fabrikam.com,1980
199,Daniela Martinez 0199,Educacion,2,cliente.co,1963
200,Valentina Rojas 0200,Gobierno,12,fabrikam.com,1992
201,Maria Morales 0201,Pyme,6,gmail.com,1985
202,Andres Ramirez 0202,Educacion,33,empresa.com,1998
203,Diego Sanchez 0203,Pyme,15,cliente.co,1996
204,Diego Morales 0204,Pyme,18,gmail.com,1973
205,Daniela Lopez 0205,Educacion,14,empresa.com,1985
206,Juan Morales 0206,Corporativo,2,contoso.com,1976
207,Pedro Gomez 0207,Retail,26,fabrikam.com,1966
208,Isabella Perez 0208,Pyme,23,empresa.com,1994
209,Valentina Torres 0209,Educacion,4,empresa.com,1985
210,Jorge Morales 0210,Corporativo,33,cliente.co,1982
211,Juan Vargas 0211,Retail,3,gmail.com,1984
212,Sofia Martinez 0212,Retail,23,contoso.com,2002
213,Ana Morales 0213,Pyme,5,fabrikam.com,2003
214,Maria Martinez 0214,Gobierno,4,gmail.com,1966
215,Jorge Gomez 0215,Corporativo,21,cliente.co,2003
216,Pedro Rojas 0216,Gobierno,15,contoso.com,1981
217,Miguel Castro 0217,Educacion,4,contoso.com,1963
218,Sofia Ramirez 0218,Corporativo,21,contoso.com,1974
219,Diego Torres 0219,Educacion,3,cliente.co,1962
220,Diego Garcia 0220,Retail,19,empresa.com,1989
221,Andres Vargas 0221,Corporativo,20,gmail.com,1990
222,Sofia Diaz 0222,Retail,30,fabrikam.com,1972
223,Juan Diaz 0223,Pyme,24,outlook.com,1960
224,Andres Ramirez 0224,Retail,34,fabrikam.com,1986
225,Carlos Perez 0225,Gobierno,11,fabrikam.com,2000
226,Jorge Diaz 0226,Gobierno,13,outlook.com,1999
227,Carlos Sanchez 0227,Corporativo,9,gmail.com,1978
228,Valentina Rojas 0228,Retail,23,gmail.com,2003
229,Miguel Rojas 0229,Gobierno,12,outlook.com,1997
230,Jorge Rojas 0230,Gobierno,30,empresa.com,1969
231,Valentina Ramirez 0231,Gobierno,10,fabrikam.com,1960
232,Sofia Lopez 0232,Educacion,16,cliente.co,2002
233,Felipe Morales 0233,Corporativo,17,empresa.com,1977
234,Carlos Rojas 0234,Gobierno,31,empresa.com,1973
235,Isabella Garcia 0235,Retail,27,contoso.com,2003
236,Valentina Gomez 0236,Educacion,30,contoso.com,1984
237,Felipe Castro 0237,Retail,20,fabrikam.com,1987
238,Miguel Castro 0238,Educacion,27,outlook.com,1984
239,Juan Rodriguez 0239,Corporativo,11,cliente.co,1992
240,Camila Martinez 0240,Gobierno,19,cliente.co,1963
241,Juan Garcia 0241,Pyme,7,fabrikam.com,1979
242,Camila Vargas 0242,Corporativo,26,contoso.com,1985
243,Andres Garcia 0243,Pyme,17,fabrikam.com,1995
244,Daniela Martinez 0244,Retail,4,outlook.com,1994
245,Isabella Castro 0245,Gobierno,1,contoso.com,1967
246,Valentina Lopez 0246,Gobierno,27,cliente.co,1991
247,Valentina Morales 0247,Pyme,23,empresa.com,1977
248,Andres Vargas 0248,Educacion,31,gmail.com,1971
249,Felipe Ramirez 0249,Educacion,4,fabrikam.com,1992
250,Sofia Martinez 0250,Pyme,2,empresa.com,1994
251,Andres Vargas 0251,Educacion,16,cliente.co,1981
252,Jorge Ramirez 0252,Retail,6,gmail.com,2000
253,Andres Gomez 0253,Pyme,34,cliente.co,1964
254,Maria Gomez 0254,Pyme,10,fabrikam.com,2001
255,Daniela Rojas 0255,Retail,8,contoso.com,1984
256,Camila Lopez 0256,Retail,8,outlook.com,2000
257,Jorge Lopez 0257,Gobierno,29,contoso.com,2002
258,Ana Rojas 0258,Corporativo,13,fabrikam.com,1960
259,Ana Lopez 0259,Corporativo,11,contoso.com,1966
260,Daniela Sanchez 0260,Educacion,1,gmail.com,1981
261,Daniela Diaz 0261,Retail,24,fabrikam.com,1970
262,Jorge Lopez 0262,Educacion,13,contoso.com,1979
263,Isabella Garcia 0263,Gobierno,27,fabrikam.com,2002
264,Isabella Garcia 0264,Retail,33,fabrikam.com,1965
265,Camila Lopez 0265,Corporativo,34,contoso.com,1995
266,Valentina Castro 0266,Corporativo,17,gmail.com,1977
267,Andres Sanchez 0267,Pyme,9,cliente.co,1970
268,Jorge Perez 0268,Pyme,15,gmail.com,1962
269,Sofia Castro 0269,Retail,33,fabrikam.com,1965
270,Miguel Sanchez 0270,Pyme,4,empresa.com,1988
271,Andres Sanchez 0271,Educacion,11,gmail.com,1962
272,Laura Vargas 0272,Corporativo,5,outlook.com,1960
273,Camila Sanchez 0273,Retail,17,cliente.co,1963
274,Isabella Sanchez 0274,Corporativo,17,fabrikam.com,1995
275,Camila Castro 0275,Pyme,8,outlook.com,1989
276,Ana Lopez 0276,Pyme,15,fabrikam.com,1966
277,Laura Diaz 0277,Pyme,28,cliente.co,1974
278,Camila Rodriguez 0278,Gobierno,7,cliente.co,1973
279,Carlos Rojas 0279,Gobierno,34,fabrikam.com,1960
280,Pedro Perez 0280,Educacion,18,empresa.com,1963
281,Maria Rojas 0281,Pyme,8,cliente.co,1984
282,Laura Castro 0282,Pyme,24,gmail.com,1974
283,Sofia Garcia 0283,Pyme,3,cliente.co,1972
284,Andres Rojas 0284,Pyme,20,outlook.com,2001
285,Juan Rojas 0285,Retail,9,empresa.com,1989
286,Camila Castro 0286,Educacion,27,fabrikam.com,1992
287,Andres Diaz 0287,Gobierno,11,empresa.com,1963
288,Jorge Torres 0288,Educacion,9,fabrikam.com,2002
289,Maria Rodriguez 0289,Retail,33,fabrikam.com,1965
290,Sofia Ramirez 0290,Pyme,16,gmail.com,1978
291,Miguel Lopez 0291,Educacion,25,outlook.com,1971
292,Pedro Gomez 0292,Corporativo,22,cliente.co,1972
293,Miguel Torres 0293,Educacion,29,empresa.com,1982
294,Sofia Gomez 0294,Retail,7,outlook.com,2003
295,Felipe Rodriguez 0295,Gobierno,2,fabrikam.com,1973
296,Daniela Torres 0296,Corporativo,10,outlook.com,1988
297,Jorge Vargas 0297,Educacion,28,outlook.com,1963
298,Jorge Morales 0298,Corporativo,13,empresa.com,2001
299,Camila Martinez 0299,Pyme,21,contoso.com,1988
300,Juan Rojas 0300,Corporativo,30,fabrikam.com,1992
301,Maria Rodriguez 0301,Educacion,5,outlook.com,1960
302,Camila Rojas 0302,Gobierno,22,gmail.com,1994
303,Maria Martinez 0303,Educacion,1,outlook.com,1980
304,Camila Rodriguez 0304,Pyme,32,gmail.com,1982
305,Laura Rodriguez 0305,Educacion,26,empresa.com,1991
306,Ana Morales 0306,Pyme,32,gmail.com,1964
307,Carlos Castro 0307,Gobierno,22,gmail.com,2001
308,Camila Morales 0308,Educacion,27,contoso.com,1978
309,Andres Diaz 0309,Pyme,5,empresa.com,1968
310,Camila Martinez 0310,Educacion,8,cliente.co,1967
311,Diego Torres 0311,Gobierno,25,gmail.com,1983
312,Sofia Rojas 0312,Retail,33,gmail.com,1974
313,Daniela Sanchez 0313,Retail,23,gmail.com,1987
314,Daniela Perez 0314,Pyme,23,outlook.com,1975
315,Carlos Ramirez 0315,Retail,2,contoso.com,1966
316,Ana Castro 0316,Educacion,28,contoso.com,1986
317,Pedro Castro 0317,Pyme,6,outlook.com,1979
318,Ana Torres 0318,Corporativo,23,outlook.com,1964
319,Jorge Rojas 0319,Pyme,9,contoso.com,1971
320,Ana Vargas 0320,Corporativo,17,cliente.co,2002
321,Maria Vargas 0321,Pyme,4,cliente.co,1983
322,Andres Garcia 0322,Gobierno,10,outlook.com,1999
323,Daniela Rodriguez 0323,Corporativo,16,empresa.com,1986
324,Juan Lopez 0324,Retail,21,outlook.com,1967
325,Daniela Ramirez 0325,Pyme,33,gmail.com,1995
326,Diego Garcia 0326,Pyme,33,outlook.com,1995
327,Daniela Gomez 0327,Educacion,33,cliente.co,1982
328,Andres Perez 0328,Corporativo,15,gmail.com,1983
329,Daniela Rojas 0329,Retail,31,contoso.com,1962
330,Valentina Vargas 0330,Pyme,9,gmail.com,1968
331,Jorge Gomez 0331,Pyme,10,gmail.com,1980
332,Valentina Rodriguez 0332,Gobierno,19,gmail.com,1968
333,Valentina Morales 0333,Gobierno,21,gmail.com,1960
334,Diego Morales 0334,Pyme,15,outlook.com,2000
335,Andres Perez 0335,Pyme,30,empresa.com,1964
336,Daniela Rojas 0336,Corporativo,16,cliente.co,1967
337,Juan Garcia 0337,Gobierno,28,contoso.com,1985
338,Camila Castro 0338,Retail,7,cliente.co,1979
339,Maria Rodriguez 0339,Corporativo,3,gmail.com,1975
340,Daniela Vargas 0340,Retail,6,gmail.com,1978
341,Juan Diaz 0341,Retail,25,cliente.co,2000
342,Isabella Diaz 0342,Gobierno,12,contoso.com,1989
343,Juan Martinez 0343,Corporativo,2,outlook.com,1969
344,Camila Perez 0344,Educacion,19,gmail.com,1989
345,Felipe Morales 0345,Gobierno,25,empresa.com,1976
346,Ana Gomez 0346,Corporativo,23,fabrikam.com,1978
347,Isabella Rodriguez 0347,Retail,17,cliente.co,2003
348,Felipe Ramirez 0348,Educacion,34,outlook.com,1963
349,Sofia Diaz 0349,Gobierno,7,contoso.com,1975
350,Diego Rodriguez 0350,Educacion,31,gmail.com,1985
351,Sofia Torres 0351,Gobierno,17,outlook.com,1991
352,Diego Garcia 0352,Corporativo,26,cliente.co,1967
353,Sofia Vargas 0353,Corporativo,7,fabrikam.com,1973
354,Isabella Castro 0354,Retail,16,cliente.co,1972
355,Jorge Gomez 0355,Pyme,30,fabrikam.com,1971
356,Sofia Gomez 0356,Educacion,6,outlook.com,1987
357,Maria Perez 0357,Retail,16,fabrikam.com,1984
358,Camila Ramirez 0358,Corporativo,30,fabrikam.com,1986
359,Sofia Garcia 0359,Corporativo,10,gmail.com,1977
360,Isabella Sanchez 0360,Gobierno,9,contoso.com,1969
361,Camila Martinez 0361,Corporativo,25,outlook.com,1973
362,Andres Vargas 0362,Educacion,13,fabrikam.com,1967
363,Camila Diaz 0363,Retail,28,contoso.com,1997
364,Camila Diaz 0364,Gobierno,2,contoso.com,1984
365,Maria Castro 0365,Gobierno,25,gmail.com,1964
366,Daniela Diaz 0366,Retail,1,empresa.com,1965
367,Sofia Ramirez 0367,Educacion,17,cliente.co,1985
368,Diego Vargas 0368,Gobierno,22,fabrikam.com,1993
369,Miguel Sanchez 0369,Educacion,9,fabrikam.com,1999
370,Diego Rojas 0370,Pyme,28,fabrikam.com,1963
371,Miguel Garcia 0371,Gobierno,32,gmail.com,2000
372,Daniela Rojas 0372,Pyme,14,contoso.com,1961
373,Pedro Rodriguez 0373,Pyme,14,cliente.co,2002
374,Pedro Rodriguez 0374,Pyme,22,empresa.com,1983
375,Daniela Rodriguez 0375,Educacion,32,fabrikam.com,1976
376,Juan Vargas 0376,Educacion,13,contoso.com,1971
377,Carlos Sanchez 0377,Retail,26,fabrikam.com,1997
378,Sofia Ramirez 0378,Pyme,10,cliente.co,1981
379,Pedro Rojas 0379,Gobierno,4,gmail.com,1970
380,Camila Castro 0380,Pyme,25,cliente.co,1984
381,Isabella Vargas 0381,Educacion,7,contoso.com,2000
382,Diego Vargas 0382,Retail,34,contoso.com,1977
383,Sofia Gomez 0383,Pyme,20,contoso.com,1970
384,Carlos Ramirez 0384,Retail,11,empresa.com,2003
385,Laura Rodriguez 0385,Pyme,6,gmail.com,1999
386,Juan Garcia 0386,Corporativo,13,empresa.com,1963
387,Ana Sanchez 0387,Educacion,29,cliente.co,1960
388,Diego Morales 0388,Retail,7,outlook.com,1975
389,Daniela Castro 0389,Educacion,8,outlook.com,1968
390,Jorge Vargas 0390,Educacion,7,empresa.com,1970
391,Andres Ramirez 0391,Educacion,25,gmail.com,1986
392,Pedro Gomez 0392,Corporativo,28,outlook.com,1971
393,Diego Perez 0393,Corporativo,23,gmail.com,1982
394,Isabella Ramirez 0394,Educacion,20,gmail.com,1991
395,Andres Diaz 0395,Pyme,10,cliente.co,2002
396,Valentina Morales 0396,Pyme,31,contoso.com,1981
397,Sofia Lopez 0397,Gobierno,9,gmail.com,2000
398,Carlos Rojas 0398,Educacion,24,outlook.com,1997
399,Maria Sanchez 0399,Gobierno,9,empresa.com,1978
400,Laura Martinez 0400,Corporativo,14,cliente.co,2003
401,Isabella Gomez 0401,Pyme,7,cliente.co,1986
402,Jorge Garcia 0402,Educacion,1,fabrikam.com,1987
403,Daniela Castro 0403,Pyme,24,fabrikam.com,1960
404,Miguel Perez 0404,Pyme,22,outlook.com,1970
405,Miguel Morales 0405,Educacion,21,empresa.com,1965
406,Juan Garcia 0406,Corporativo,9,contoso.com,1983
407,Felipe Vargas 0407,Educacion,33,empresa.com,1979
408,Jorge Gomez 0408,Gobierno,31,outlook.com,1982
409,Jorge Sanchez 0409,Educacion,19,outlook.com,2000
410,Diego Sanchez 0410,Pyme,27,gmail.com,1986
411,Laura Ramirez 0411,Pyme,24,gmail.com,1965
412,Diego Rodriguez 0412,Gobierno,34,empresa.com,1970
413,Camila Castro 0413,Corporativo,26,gmail.com,1966
414,Jorge Castro 0414,Pyme,28,outlook.com,1963
415,Camila Rojas 0415,Educacion,21,empresa.com,1960
416,Carlos Ramirez 0416,Gobierno,15,gmail.com,1999
417,Sofia Ramirez 0417,Gobierno,25,cliente.co,1963
418,Juan Castro 0418,Pyme,19,empresa.com,1970
419,Felipe Lopez 0419,Gobierno,19,fabrikam.com,1985
420,Daniela Rojas 0420,Educacion,9,fabrikam.com,1980
421,Laura Castro 0421,Retail,28,cliente.co,1975
422,Daniela Morales 0422,Retail,34,contoso.com,1967
423,Pedro Diaz 0423,Retail,6,contoso.com,1976
424,Sofia Rodriguez 0424,Gobierno,8,cliente.co,1972
425,Camila Castro 0425,Gobierno,29,cliente.co,1984
426,Sofia Diaz 0426,Educacion,34,gmail.com,1984
427,Camila Ramirez 0427,Gobierno,21,gmail.com,1978
428,Pedro Lopez 0428,Retail,3,fabrikam.com,1996
429,Camila Rodriguez 0429,Pyme,12,cliente.co,1985
430,Isabella Morales 0430,Gobierno,19,outlook.com,1977
431,Maria Diaz 0431,Retail,6,gmail.com,1960
432,Laura Ramirez 0432,Corporativo,29,outlook.com,1995
433,Felipe Morales 0433,Corporativo,16,contoso.com,1970
434,Camila Rojas 0434,Educacion,20,outlook.com,1995
435,Daniela Torres 0435,Corporativo,4,gmail.com,1996
436,Juan Lopez 0436,Gobierno,25,fabrikam.com,1988
437,Daniela Lopez 0437,Gobierno,32,gmail.com,2002
438,Ana Vargas 0438,Pyme,30,contoso.com,1969
439,Miguel Rojas 0439,Retail,22,cliente.co,1985
440,Maria Torres 0440,Educacion,1,fabrikam.com,1998
441,Camila Garcia 0441,Educacion,18,contoso.com,1994
442,Isabella Castro 0442,Pyme,14,fabrikam.com,1993
443,Ana Martinez 0443,Corporativo,1,fabrikam.com,1990
444,Isabella Sanchez 0444,Educacion,22,outlook.com,1967
445,Pedro Castro 0445,Corporativo,17,cliente.co,1962
446,Diego Perez 0446,Corporativo,2,empresa.com,1981
447,Andres Vargas 0447,Pyme,21,contoso.com,1963
448,Laura Gomez 0448,Gobierno,13,gmail.com,1976
449,Ana Sanchez 0449,Pyme,3,contoso.com,1986
450,Miguel Rojas 0450,Corporativo,22,cliente.co,1978
451,Camila Gomez 0451,Pyme,12,fabrikam.com,1971
452,Isabella Sanchez 0452,Gobierno,11,outlook.com,1967
453,Pedro Castro 0453,Corporativo,11,contoso.com,1989
454,Jorge Vargas 0454,Educacion,15,gmail.com,1971
455,Pedro Lopez 0455,Educacion,25,cliente.co,1995
456,Jorge Garcia 0456,Pyme,29,contoso.com,1983
457,Laura Morales 0457,Retail,17,outlook.com,1984
458,Felipe Vargas 0458,Retail,32,fabrikam.com,1986
459,Valentina Lopez 0459,Pyme,21,fabrikam.com,1989
460,Juan Sanchez 0460,Pyme,31,fabrikam.com,1999
461,Sofia Ramirez 0461,Educacion,24,fabrikam.com,1970
462,Camila Diaz 0462,Educacion,15,outlook.com,1991
463,Jorge Perez 0463,Gobierno,24,outlook.com,1976
464,Pedro Sanchez 0464,Retail,11,fabrikam.com,1977
465,Laura Garcia 0465,Pyme,11,fabrikam.com,1983
466,Valentina Morales 0466,Educacion,20,contoso.com,1996
467,Ana Morales 0467,Gobierno,3,fabrikam.com,1997
468,Maria Perez 0468,Educacion,12,cliente.co,1966
469,Daniela Torres 0469,Retail,31,outlook.com,1983
470,Miguel Rodriguez 0470,Educacion,21,gmail.com,1986
471,Daniela Perez 0471,Retail,2,cliente.co,1991
472,Pedro Rojas 0472,Corporativo,3,contoso.com,1963
473,Ana Perez 0473,Corporativo,16,fabrikam.com,1978
474,Felipe Diaz 0474,Pyme,20,contoso.com,1961
475,Jorge Martinez 0475,Retail,34,outlook.com,1962
476,Pedro Vargas 0476,Corporativo,29,outlook.com,1985
477,Maria Martinez 0477,Pyme,29,cliente.co,1981
478,Diego Morales 0478,Gobierno,23,outlook.com,1965
479,Maria Morales 0479,Educacion,30,empresa.com,1961
480,Laura Diaz 0480,Corporativo,2,contoso.com,1995
481,Valentina Vargas 0481,Corporativo,4,contoso.com,1968
482,Maria Castro 0482,Corporativo,33,contoso.com,1974
483,Miguel Vargas 0483,Retail,4,outlook.com,2001
484,Isabella Sanchez 0484,Retail,9,fabrikam.com,1967
485,Miguel Lopez 0485,Educacion,33,contoso.com,1993
486,Laura Torres 0486,Gobierno,3,cliente.co,1974
487,Isabella Perez 0487,Educacion,9,gmail.com,1972
488,Isabella Lopez 0488,Pyme,28,empresa.com,1988
489,Laura Castro 0489,Retail,2,outlook.com,1990
490,Diego Gomez 0490,Pyme,28,gmail.com,1976
491,Camila Perez 0491,Corporativo,2,outlook.com,1990
492,Ana Rodriguez 0492,Educacion,4,fabrikam.com,1963
493,Camila Rodriguez 0493,Educacion,6,contoso.com,1988
494,Maria Vargas 0494,Corporativo,1,contoso.com,2001
495,Laura Lopez 0495,Gobierno,22,fabrikam.com,1981
496,Sofia Garcia 0496,Corporativo,24,contoso.com,1993
497,Carlos Gomez 0497,Gobierno,16,cliente.co,1979
498,Felipe Rojas 0498,Corporativo,6,outlook.com,1995
499,Felipe Rodriguez 0499,Retail,16,cliente.co,1962
500,Carlos Diaz 0500,Gobierno,29,empresa.com,2002
501,Pedro Rodriguez 0501,Educacion,32,gmail.com,1961
502,Isabella Martinez 0502,Retail,1,empresa.com,2003
503,Maria Torres 0503,Corporativo,10,fabrikam.com,1982
504,Camila Rojas 0504,Gobierno,23,fabrikam.com,1995
505,Laura Torres 0505,Retail,21,gmail.com,1993
506,Diego Sanchez 0506,Corporativo,27,empresa.com,1971
507,Maria Ramirez 0507,Corporativo,21,empresa.com,1994
508,Ana Vargas 0508,Pyme,26,gmail.com,1995
509,Diego Ramirez 0509,Gobierno,1,fabrikam.com,2002
510,Felipe Garcia 0510,Corporativo,11,empresa.com,2003
511,Sofia Garcia 0511,Retail,34,outlook.com,1981
512,Isabella Torres 0512,Pyme,28,empresa.com,1980
513,Isabella Perez 0513,Gobierno,34,fabrikam.com,1981
514,Carlos Ramirez 0514,Retail,2,contoso.com,1989
515,Isabella Martinez 0515,Retail,31,contoso.com,2003
516,Jorge Rojas 0516,Corporativo,33,empresa.com,1980
517,Andres Sanchez 0517,Gobierno,21,empresa.com,1979
518,Diego Diaz 0518,Pyme,14,cliente.co,1999
519,Sofia Morales 0519,Retail,31,gmail.com,1968
520,Laura Ramirez 0520,Retail,3,cliente.co,1977
521,Valentina Gomez 0521,Educacion,26,contoso.com,1990
522,Pedro Diaz 0522,Gobierno,7,cliente.co,1970
523,Isabella Ramirez 0523,Retail,34,gmail.com,1961
524,Pedro Perez 0524,Corporativo,31,fabrikam.com,1965
525,Jorge Garcia 0525,Retail,6,cliente.co,1995
526,Pedro Rodriguez 0526,Educacion,1,empresa.com,1990
527,Pedro Rodriguez 0527,Retail,27,cliente.co,1966
528,Valentina Martinez 0528,Gobierno,6,cliente.co,1973
529,Felipe Rojas 0529,Retail,20,fabrikam.com,1993
530,Daniela Martinez 0530,Gobierno,23,outlook.com,2003
531,Camila Perez 0531,Corporativo,30,outlook.com,1973
532,Ana Torres 0532,Educacion,4,outlook.com,1974
533,Andres Ramirez 0533,Gobierno,26,gmail.com,1977
534,Maria Lopez 0534,Educacion,32,empresa.com,1968
535,Pedro Lopez 0535,Retail,22,outlook.com,1992
536,Jorge Martinez 0536,Gobierno,25,contoso.com,1960
537,Laura Castro 0537,Gobierno,9,gmail.com,1986
538,Ana Morales 0538,Gobierno,30,fabrikam.com,1968
539,Sofia Morales 0539,Retail,24,cliente.co,1992
540,Isabella Rodriguez 0540,Gobierno,34,cliente.co,1983
541,Carlos Vargas 0541,Gobierno,24,contoso.com,1963
542,Ana Martinez 0542,Pyme,1,contoso.com,1976
543,Sofia Diaz 0543,Educacion,20,outlook.com,1972
544,Isabella Torres 0544,Corporativo,30,contoso.com,1995
545,Camila Morales 0545,Pyme,18,contoso.com,2002
546,Sofia Sanchez 0546,Pyme,11,outlook.com,2002
547,Camila Ramirez 0547,Gobierno,25,empresa.com,1974
548,Juan Morales 0548,Corporativo,14,fabrikam.com,1992
549,Diego Ramirez 0549,Educacion,28,cliente.co,1996
550,Valentina Garcia 0550,Pyme,5,gmail.com,1963
551,Carlos Lopez 0551,Retail,8,contoso.com,1981
552,Jorge Ramirez 0552,Corporativo,6,outlook.com,1972
553,Carlos Torres 0553,Educacion,10,contoso.com,1989
554,Isabella Diaz 0554,Educacion,26,fabrikam.com,1996
555,Camila Torres 0555,Educacion,21,outlook.com,1986
556,Laura Rojas 0556,Corporativo,16,contoso.com,1988
557,Felipe Castro 0557,Retail,11,empresa.com,1994
558,Jorge Garcia 0558,Pyme,10,fabrikam.com,1969
559,Sofia Sanchez 0559,Corporativo,4,contoso.com,1962
560,Daniela Ramirez 0560,Corporativo,33,contoso.com,1990
561,Sofia Vargas 0561,Pyme,28,gmail.com,2000
562,Laura Castro 0562,Gobierno,34,empresa.com,1967
563,Miguel Torres 0563,Educacion,12,fabrikam.com,1987
564,Miguel Lopez 0564,Pyme,29,cliente.co,1985
565,Diego Lopez 0565,Educacion,2,outlook.com,1964
566,Valentina Lopez 0566,Educacion,29,outlook.com,1997
567,Juan Gomez 0567,Educacion,6,cliente.co,1971
568,Juan Garcia 0568,Gobierno,26,contoso.com,1978
569,Ana Vargas 0569,Pyme,22,fabrikam.com,1987
570,Isabella Castro 0570,Retail,30,fabrikam.com,1973
571,Sofia Rodriguez 0571,Educacion,1,gmail.com,1997
572,Miguel Gomez 0572,Gobierno,9,contoso.com,1993
573,Valentina Vargas 0573,Pyme,16,empresa.com,1971
574,Isabella Garcia 0574,Pyme,6,gmail.com,1962
575,Sofia Garcia 0575,Gobierno,22,outlook.com,2001
576,Juan Ramirez 0576,Corporativo,16,outlook.com,2001
577,Miguel Vargas 0577,Corporativo,33,empresa.com,1970
578,Miguel Perez 0578,Corporativo,19,gmail.com,1984
579,Isabella Rodriguez 0579,Educacion,22,fabrikam.com,1991
580,Maria Morales 0580,Pyme,31,gmail.com,1979
581,Miguel Martinez 0581,Retail,34,empresa.com,1981
582,Laura Rojas 0582,Retail,6,cliente.co,1989
583,Felipe Martinez 0583,Corporativo,19,fabrikam.com,2001
584,Sofia Diaz 0584,Educacion,5,empresa.com,1970
585,Ana Lopez 0585,Educacion,2,fabrikam.com,1988
586,Maria Torres 0586,Educacion,22,outlook.com,1969
587,Jorge Torres 0587,Pyme,2,cliente.co,1969
588,Juan Morales 0588,Pyme,3,gmail.com,2002
589,Maria Diaz 0589,Educacion,17,fabrikam.com,1989
590,Pedro Perez 0590,Gobierno,29,contoso.com,1963
591,Maria Morales 0591,Educacion,25,outlook.com,1973
592,Felipe Sanchez 0592,Educacion,33,cliente.co,1961
593,Jorge Morales 0593,Retail,26,contoso.com,1983
594,Ana Garcia 0594,Corporativo,8,cliente.co,1995
595,Miguel Gomez 0595,Corporativo,9,cliente.co,1973
596,Juan Torres 0596,Retail,2,contoso.com,1977
597,Maria Garcia 0597,Pyme,19,empresa.com,2001
598,Carlos Lopez 0598,Retail,20,gmail.com,1976
599,Miguel Vargas 0599,Gobierno,24,cliente.co,1974
600,Isabella Morales 0600,Educacion,12,empresa.com,2000
601,Carlos Sanchez 0601,Pyme,1,fabrikam.com,1999
602,Diego Perez 0602,Corporativo,17,contoso.com,1979
603,Jorge Ramirez 0603,Gobierno,16,empresa.com,1977
604,Isabella Castro 0604,Corporativo,21,cliente.co,2001
605,Miguel Castro 0605,Educacion,19,empresa.com,1998
606,Jorge Diaz 0606,Educacion,6,gmail.com,1979
607,Diego Garcia 0607,Corporativo,30,cliente.co,1973
608,Laura Gomez 0608,Pyme,29,gmail.com,1997
609,Isabella Sanchez 0609,Retail,1,empresa.com,1991
610,Andres Castro 0610,Corporativo,7,cliente.co,1980
611,Laura Gomez 0611,Gobierno,2,outlook.com,1970
612,Jorge Ramirez 0612,Corporativo,11,empresa.com,1973
613,Pedro Diaz 0613,Pyme,28,outlook.com,1998
614,Daniela Gomez 0614,Pyme,23,contoso.com,1985
615,Maria Perez 0615,Corporativo,28,fabrikam.com,1962
616,Andres Vargas 0616,Educacion,17,outlook.com,1989
617,Pedro Diaz 0617,Educacion,11,empresa.com,2003
618,Diego Diaz 0618,Educacion,17,gmail.com,1981
619,Laura Morales 0619,Pyme,34,gmail.com,1978
620,Felipe Morales 0620,Corporativo,8,gmail.com,1985
621,Maria Garcia 0621,Gobierno,25,outlook.com,1964
622,Maria Perez 0622,Corporativo,29,empresa.com,2002
623,Daniela Vargas 0623,Gobierno,2,empresa.com,1965
624,Juan Gomez 0624,Retail,24,empresa.com,1971
625,Laura Garcia 0625,Retail,6,outlook.com,1968
626,Jorge Castro 0626,Corporativo,15,gmail.com,1968
627,Miguel Ramirez 0627,Pyme,30,fabrikam.com,1973
628,Laura Garcia 0628,Retail,13,gmail.com,1989
629,Isabella Rojas 0629,Corporativo,4,gmail.com,1966
630,Diego Morales 0630,Corporativo,1,gmail.com,1967
631,Ana Gomez 0631,Corporativo,14,outlook.com,1990
632,Valentina Garcia 0632,Gobierno,21,cliente.co,1983
633,Pedro Sanchez 0633,Gobierno,20,contoso.com,1975
634,Daniela Rojas 0634,Gobierno,3,fabrikam.com,2002
635,Daniela Morales 0635,Corporativo,22,cliente.co,1965
636,Sofia Garcia 0636,Gobierno,19,gmail.com,1994
637,Isabella Lopez 0637,Retail,26,outlook.com,1985
638,Laura Lopez 0638,Retail,18,fabrikam.com,1973
639,Sofia Garcia 0639,Retail,9,gmail.com,1965
640,Jorge Castro 0640,Educacion,7,empresa.com,1978
641,Camila Diaz 0641,Corporativo,1,outlook.com,1995
642,Valentina Lopez 0642,Educacion,17,contoso.com,1972
643,Maria Martinez 0643,Gobierno,15,contoso.com,1974
644,Laura Ramirez 0644,Retail,15,contoso.com,1968
645,Diego Ramirez 0645,Gobierno,16,gmail.com,1980
646,Valentina Gomez 0646,Educacion,5,outlook.com,1966
647,Sofia Perez 0647,Corporativo,23,fabrikam.com,1997
648,Carlos Gomez 0648,Educacion,5,gmail.com,1964
649,Maria Perez 0649,Pyme,18,gmail.com,1973
650,Laura Rodriguez 0650,Corporativo,14,outlook.com,1966
651,Pedro Castro 0651,Pyme,12,fabrikam.com,1974
652,Daniela Rodriguez 0652,Educacion,16,gmail.com,1979
653,Valentina Martinez 0653,Gobierno,10,outlook.com,1981
654,Carlos Ramirez 0654,Gobierno,13,empresa.com,1976
655,Felipe Ramirez 0655,Corporativo,16,outlook.com,1969
656,Laura Sanchez 0656,Corporativo,24,contoso.com,2000
657,Diego Rojas 0657,Gobierno,14,gmail.com,1974
658,Isabella Torres 0658,Gobierno,11,empresa.com,1971
659,Valentina Sanchez 0659,Gobierno,13,empresa.com,1989
660,Sofia Vargas 0660,Gobierno,5,cliente.co,1978
661,Camila Diaz 0661,Corporativo,2,outlook.com,1997
662,Isabella Rodriguez 0662,Corporativo,28,fabrikam.com,1981
663,Valentina Diaz 0663,Corporativo,12,gmail.com,1963
664,Jorge Rodriguez 0664,Retail,31,outlook.com,2000
665,Laura Rodriguez 0665,Retail,6,contoso.com,2002
666,Miguel Lopez 0666,Pyme,29,cliente.co,1999
667,Andres Diaz 0667,Gobierno,9,cliente.co,1982
668,Felipe Rodriguez 0668,Corporativo,12,empresa.com,1991
669,Juan Sanchez 0669,Pyme,16,empresa.com,1992
670,Isabella Ramirez 0670,Gobierno,22,cliente.co,1993
671,Camila Sanchez 0671,Pyme,20,gmail.com,1981
672,Juan Morales 0672,Pyme,2,outlook.com,1987
673,Daniela Rojas 0673,Retail,15,outlook.com,1971
674,Daniela Sanchez 0674,Retail,18,outlook.com,1980
675,Andres Morales 0675,Educacion,7,contoso.com,1981
676,Ana Garcia 0676,Pyme,8,fabrikam.com,1993
677,Valentina Diaz 0677,Corporativo,4,fabrikam.com,1964
678,Andres Rodriguez 0678,Corporativo,4,empresa.com,1974
679,Ana Torres 0679,Gobierno,7,gmail.com,2002
680,Camila Castro 0680,Gobierno,28,empresa.com,1964
681,Daniela Gomez 0681,Retail,10,cliente.co,1974
682,Isabella Sanchez 0682,Pyme,5,gmail.com,1969
683,Miguel Rojas 0683,Pyme,24,fabrikam.com,1986
684,Felipe Gomez 0684,Educacion,23,cliente.co,2002
685,Maria Gomez 0685,Gobierno,1,outlook.com,1975
686,Laura Torres 0686,Retail,4,cliente.co,1998
687,Sofia Sanchez 0687,Corporativo,7,gmail.com,1965
688,Maria Vargas 0688,Corporativo,34,fabrikam.com,1988
689,Sofia Rodriguez 0689,Educacion,32,contoso.com,2003
690,Andres Ramirez 0690,Pyme,22,fabrikam.com,1993
691,Jorge Diaz 0691,Retail,4,contoso.com,1967
692,Andres Martinez 0692,Gobierno,10,fabrikam.com,1988
693,Diego Garcia 0693,Gobierno,24,contoso.com,1986
694,Laura Rodriguez 0694,Corporativo,25,fabrikam.com,1986
695,Carlos Ramirez 0695,Retail,10,contoso.com,1969
696,Ana Lopez 0696,Pyme,3,empresa.com,1985
697,Carlos Sanchez 0697,Corporativo,15,fabrikam.com,1973
698,Ana Ramirez 0698,Retail,4,gmail.com,1986
699,Isabella Rojas 0699,Retail,23,gmail.com,1984
700,Maria Garcia 0700,Educacion,31,outlook.com,1984
701,Andres Ramirez 0701,Pyme,31,fabrikam.com,1986
702,Juan Rojas 0702,Pyme,2,empresa.com,1997
703,Maria Diaz 0703,Corporativo,12,cliente.co,1985
704,Daniela Rojas 0704,Pyme,12,outlook.com,1985
705,Camila Castro 0705,Pyme,27,empresa.com,1981
706,Miguel Perez 0706,Pyme,20,outlook.com,1985
707,Camila Vargas 0707,Pyme,18,gmail.com,1989
708,Pedro Diaz 0708,Corporativo,8,cliente.co,1985
709,Ana Garcia 0709,Pyme,34,outlook.com,1967
710,Daniela Gomez 0710,Corporativo,20,gmail.com,1978
711,Carlos Gomez 0711,Gobierno,21,gmail.com,1984
712,Felipe Lopez 0712,Gobierno,8,outlook.com,1995
713,Ana Rodriguez 0713,Pyme,10,cliente.co,1969
714,Miguel Sanchez 0714,Pyme,18,contoso.com,1976
715,Ana Rodriguez 0715,Gobierno,14,gmail.com,1986
716,Laura Ramirez 0716,Gobierno,20,contoso.com,1991
717,Daniela Sanchez 0717,Retail,27,cliente.co,1971
718,Jorge Vargas 0718,Retail,6,fabrikam.com,1983
719,Miguel Morales 0719,Pyme,27,empresa.com,1974
720,Sofia Gomez 0720,Corporativo,19,fabrikam.com,1998
721,Jorge Gomez 0721,Retail,3,gmail.com,2001
722,Camila Sanchez 0722,Corporativo,31,contoso.com,2000
723,Isabella Rodriguez 0723,Pyme,31,empresa.com,1966
724,Daniela Gomez 0724,Corporativo,33,outlook.com,1982
725,Valentina Sanchez 0725,Gobierno,5,gmail.com,1965
726,Daniela Ramirez 0726,Corporativo,1,contoso.com,1987
727,Diego Morales 0727,Retail,18,outlook.com,1975
728,Ana Garcia 0728,Educacion,26,gmail.com,1967
729,Jorge Castro 0729,Corporativo,7,fabrikam.com,1999
730,Maria Torres 0730,Gobierno,12,fabrikam.com,1972
731,Sofia Rojas 0731,Educacion,28,empresa.com,1998
732,Diego Ramirez 0732,Educacion,20,cliente.co,1977
733,Felipe Castro 0733,Educacion,33,contoso.com,1984
734,Miguel Martinez 0734,Educacion,10,cliente.co,1986
735,Maria Gomez 0735,Educacion,30,outlook.com,1994
736,Jorge Ramirez 0736,Educacion,3,empresa.com,1962
737,Pedro Garcia 0737,Corporativo,6,cliente.co,1961
738,Valentina Garcia 0738,Pyme,2,contoso.com,1998
739,Andres Rojas 0739,Educacion,14,gmail.com,1972
740,Jorge Diaz 0740,Gobierno,2,outlook.com,2002
741,Daniela Castro 0741,Gobierno,6,fabrikam.com,1970
742,Diego Morales 0742,Gobierno,31,outlook.com,1994
743,Sofia Lopez 0743,Retail,7,empresa.com,2001
744,Daniela Ramirez 0744,Corporativo,29,empresa.com,1991
745,Andres Lopez 0745,Educacion,18,cliente.co,1966
746,Felipe Castro 0746,Corporativo,6,cliente.co,2003
747,Isabella Sanchez 0747,Retail,34,empresa.com,1998
748,Daniela Lopez 0748,Gobierno,22,empresa.com,1987
749,Jorge Diaz 0749,Pyme,15,empresa.com,1972
750,Isabella Martinez 0750,Corporativo,28,empresa.com,1974
751,Jorge Castro 0751,Gobierno,24,cliente.co,1968
752,Andres Gomez 0752,Retail,21,empresa.com,1973
753,Carlos Diaz 0753,Corporativo,15,contoso.com,1986
754,Carlos Vargas 0754,Corporativo,16,empresa.com,1980
755,Laura Perez 0755,Pyme,27,gmail.com,1962
756,Carlos Rojas 0756,Pyme,20,empresa.com,1962
757,Felipe Martinez 0757,Corporativo,30,contoso.com,1962
758,Jorge Diaz 0758,Corporativo,25,gmail.com,1995
759,Camila Castro 0759,Pyme,9,cliente.co,1971
760,Juan Gomez 0760,Pyme,19,outlook.com,1985
761,Diego Rojas 0761,Retail,9,contoso.com,1985
762,Valentina Castro 0762,Educacion,32,cliente.co,1967
763,Carlos Torres 0763,Retail,30,cliente.co,1988
764,Juan Garcia 0764,Retail,12,outlook.com,1983
765,Miguel Martinez 0765,Pyme,19,contoso.com,1987
766,Valentina Morales 0766,Educacion,30,cliente.co,1994
767,Sofia Garcia 0767,Pyme,14,fabrikam.com,1973
768,Ana Ramirez 0768,Educacion,16,empresa.com,1982
769,Jorge Morales 0769,Pyme,21,gmail.com,1976
770,Sofia Ramirez 0770,Pyme,13,outlook.com,1979
771,Daniela Lopez 0771,Gobierno,20,outlook.com,1990
772,Daniela Rodriguez 0772,Educacion,6,fabrikam.com,1999
773,Juan Martinez 0773,Corporativo,12,fabrikam.com,1998
774,Laura Rodriguez 0774,Educacion,28,gmail.com,1963
775,Pedro Lopez 0775,Pyme,18,cliente.co,1964
776,Felipe Rojas 0776,Gobierno,1,cliente.co,1992
777,Juan Garcia 0777,Gobierno,27,outlook.com,1984
778,Sofia Rodriguez 0778,Corporativo,33,contoso.com,1984
779,Juan Vargas 0779,Gobierno,15,empresa.com,1994
780,Felipe Ramirez 0780,Educacion,28,outlook.com,1996
781,Maria Torres 0781,Retail,25,empresa.com,2003
782,Camila Ramirez 0782,Corporativo,21,empresa.com,1991
783,Daniela Castro 0783,Retail,13,outlook.com,1967
784,Jorge Lopez 0784,Retail,23,contoso.com,1984
785,Valentina Perez 0785,Retail,19,outlook.com,1992
786,Jorge Rojas 0786,Pyme,1,cliente.co,1976
787,Diego Sanchez 0787,Pyme,29,fabrikam.com,1980
788,Maria Garcia 0788,Pyme,1,fabrikam.com,1985
789,Pedro Lopez 0789,Pyme,9,contoso.com,1979
790,Jorge Ramirez 0790,Educacion,13,empresa.com,1975
791,Jorge Rojas 0791,Corporativo,26,gmail.com,1969
792,Isabella Diaz 0792,Retail,8,empresa.com,1970
793,Sofia Torres 0793,Pyme,31,gmail.com,1989
794,Maria Torres 0794,Pyme,13,outlook.com,1994
795,Andres Castro 0795,Corporativo,7,contoso.com,2002
796,Daniela Diaz 0796,Retail,23,contoso.com,1970
797,Jorge Diaz 0797,Retail,21,fabrikam.com,1983
798,Ana Martinez 0798,Educacion,13,outlook.com,1972
799,Pedro Martinez 0799,Gobierno,8,outlook.com,1998
800,Ana Lopez 0800,Pyme,5,fabrikam.com,2001
801,Jorge Torres 0801,Educacion,31,contoso.com,2001
802,Carlos Ramirez 0802,Retail,25,cliente.co,1994
803,Miguel Castro 0803,Corporativo,18,empresa.com,1983
804,Ana Morales 0804,Educacion,1,outlook.com,1960
805,Carlos Vargas 0805,Educacion,23,contoso.com,1989
806,Carlos Morales 0806,Corporativo,5,contoso.com,1977
807,Carlos Lopez 0807,Pyme,29,fabrikam.com,1975
808,Valentina Gomez 0808,Educacion,34,cliente.co,1999
809,Sofia Castro 0809,Pyme,26,cliente.co,1983
810,Diego Castro 0810,Pyme,32,fabrikam.com,2000
811,Jorge Gomez 0811,Pyme,1,fabrikam.com,1974
812,Andres Sanchez 0812,Educacion,26,empresa.com,1991
813,Maria Rodriguez 0813,Pyme,18,contoso.com,1991
814,Valentina Lopez 0814,Gobierno,10,fabrikam.com,2003
815,Ana Martinez 0815,Pyme,2,cliente.co,1987
816,Camila Lopez 0816,Educacion,34,gmail.com,1965
817,Juan Castro 0817,Pyme,7,contoso.com,1965
818,Maria Torres 0818,Pyme,20,contoso.com,1992
819,Miguel Rojas 0819,Retail,19,gmail.com,1963
820,Isabella Garcia 0820,Corporativo,16,outlook.com,1975
821,Jorge Castro 0821,Gobierno,22,cliente.co,1999
822,Felipe Sanchez 0822,Corporativo,19,outlook.com,1977
823,Andres Rojas 0823,Retail,1,gmail.com,1991
824,Ana Gomez 0824,Corporativo,2,cliente.co,1974
825,Miguel Garcia 0825,Educacion,13,gmail.com,2000
826,Sofia Gomez 0826,Educacion,15,empresa.com,1969
827,Jorge Diaz 0827,Gobierno,21,contoso.com,1966
828,Diego Martinez 0828,Retail,27,fabrikam.com,1983
829,Diego Gomez 0829,Retail,21,outlook.com,1986
830,Jorge Gomez 0830,Corporativo,11,fabrikam.com,1976
831,Carlos Perez 0831,Retail,11,fabrikam.com,1997
832,Isabella Morales 0832,Retail,32,gmail.com,1967
833,Maria Diaz 0833,Corporativo,5,cliente.co,1998
834,Miguel Gomez 0834,Gobierno,20,outlook.com,2003
835,Camila Morales 0835,Retail,20,fabrikam.com,1962
836,Camila Lopez 0836,Gobierno,21,cliente.co,1970
837,Jorge Rodriguez 0837,Corporativo,27,cliente.co,1985
838,Pedro Vargas 0838,Gobierno,3,empresa.com,1974
839,Felipe Garcia 0839,Retail,24,outlook.com,1989
840,Diego Torres 0840,Retail,33,contoso.com,1974
841,Camila Castro 0841,Corporativo,8,cliente.co,1976
842,Andres Diaz 0842,Gobierno,14,contoso.com,1996
843,Juan Torres 0843,Corporativo,16,fabrikam.com,1963
844,Jorge Diaz 0844,Corporativo,11,contoso.com,1991
845,Juan Perez 0845,Gobierno,28,empresa.com,1972
846,Juan Lopez 0846,Retail,22,gmail.com,1963
847,Sofia Castro 0847,Educacion,9,outlook.com,1975
848,Carlos Sanchez 0848,Educacion,5,outlook.com,2002
849,Carlos Rodriguez 0849,Gobierno,21,cliente.co,1986
850,Pedro Garcia 0850,Educacion,11,outlook.com,1992
851,Jorge Vargas 0851,Pyme,14,empresa.com,1982
852,Andres Rodriguez 0852,Pyme,4,empresa.com,1986
853,Miguel Castro 0853,Gobierno,5,gmail.com,1995
854,Felipe Vargas 0854,Corporativo,9,gmail.com,1963
855,Pedro Perez 0855,Educacion,3,outlook.com,2003
856,Jorge Martinez 0856,Pyme,29,empresa.com,1973
857,Diego Vargas 0857,Gobierno,1,fabrikam.com,1979
858,Valentina Rodriguez 0858,Retail,11,gmail.com,1978
859,Jorge Torres 0859,Gobierno,29,fabrikam.com,1965
860,Pedro Rodriguez 0860,Gobierno,12,fabrikam.com,2000
861,Pedro Diaz 0861,Retail,22,gmail.com,1984
862,Valentina Vargas 0862,Corporativo,16,cliente.co,1991
863,Valentina Torres 0863,Corporativo,18,fabrikam.com,1962
864,Isabella Martinez 0864,Retail,23,outlook.com,1991
865,Andres Vargas 0865,Gobierno,22,empresa.com,1988
866,Diego Perez 0866,Pyme,25,outlook.com,1995
867,Pedro Rojas 0867,Educacion,11,empresa.com,1968
868,Jorge Castro 0868,Corporativo,4,outlook.com,1974
869,Pedro Martinez 0869,Gobierno,21,gmail.com,1978
870,Laura Rojas 0870,Corporativo,22,cliente.co,1994
871,Felipe Ramirez 0871,Pyme,27,gmail.com,2003
872,Maria Rodriguez 0872,Corporativo,23,gmail.com,1979
873,Andres Sanchez 0873,Gobierno,15,fabrikam.com,1993
874,Pedro Martinez 0874,Retail,4,empresa.com,1982
875,Juan Vargas 0875,Corporativo,33,gmail.com,1971
876,Camila Martinez 0876,Retail,20,empresa.com,1961
877,Felipe Sanchez 0877,Corporativo,14,empresa.com,1987
878,Carlos Torres 0878,Educacion,14,cliente.co,2002
879,Diego Castro 0879,Corporativo,30,contoso.com,2000
880,Miguel Torres 0880,Gobierno,2,fabrikam.com,1981
881,Valentina Lopez 0881,Pyme,14,cliente.co,1972
882,Jorge Gomez 0882,Pyme,27,fabrikam.com,1998
883,Daniela Martinez 0883,Gobierno,13,outlook.com,1985
884,Jorge Ramirez 0884,Gobierno,34,empresa.com,1974
885,Maria Ramirez 0885,Corporativo,24,gmail.com,2000
886,Pedro Diaz 0886,Pyme,2,fabrikam.com,1977
887,Carlos Ramirez 0887,Pyme,13,empresa.com,1995
888,Valentina Gomez 0888,Retail,12,gmail.com,1977
889,Daniela Diaz 0889,Gobierno,5,outlook.com,1969
890,Andres Sanchez 0890,Gobierno,28,outlook.com,1972
891,Sofia Vargas 0891,Gobierno,25,gmail.com,1996
892,Valentina Castro 0892,Retail,1,fabrikam.com,1990
893,Diego Morales 0893,Educacion,26,cliente.co,1998
894,Diego Rodriguez 0894,Corporativo,8,gmail.com,2000
895,Pedro Garcia 0895,Educacion,21,fabrikam.com,1964
896,Miguel Martinez 0896,Pyme,28,contoso.com,1998
897,Miguel Sanchez 0897,Educacion,15,empresa.com,2001
898,Juan Rodriguez 0898,Retail,17,empresa.com,1973
899,Camila Castro 0899,Pyme,34,fabrikam.com,1974
900,Felipe Vargas 0900,Pyme,13,empresa.com,1974
901,Felipe Diaz 0901,Retail,2,cliente.co,1996
902,Isabella Torres 0902,Gobierno,27,fabrikam.com,1968
903,Andres Sanchez 0903,Gobierno,31,gmail.com,2002
904,Maria Gomez 0904,Retail,34,cliente.co,1968
905,Andres Sanchez 0905,Gobierno,9,contoso.com,1978
906,Ana Perez 0906,Educacion,5,fabrikam.com,1963
907,Camila Morales 0907,Corporativo,10,outlook.com,2003
908,Felipe Ramirez 0908,Retail,23,contoso.com,2003
909,Maria Vargas 0909,Corporativo,16,gmail.com,1983
910,Carlos Martinez 0910,Educacion,1,gmail.com,2002
911,Daniela Diaz 0911,Retail,30,fabrikam.com,2000
912,Andres Morales 0912,Pyme,34,empresa.com,1964
913,Daniela Sanchez 0913,Pyme,31,outlook.com,1988
914,Valentina Diaz 0914,Pyme,32,gmail.com,1999
915,Ana Torres 0915,Gobierno,8,contoso.com,1988
916,Camila Rodriguez 0916,Retail,30,cliente.co,1968
917,Daniela Ramirez 0917,Educacion,30,fabrikam.com,1974
918,Camila Garcia 0918,Pyme,10,cliente.co,1994
919,Maria Lopez 0919,Retail,8,outlook.com,1964
920,Diego Torres 0920,Retail,1,fabrikam.com,1997
921,Felipe Rodriguez 0921,Educacion,16,contoso.com,1974
922,Andres Garcia 0922,Educacion,15,gmail.com,1982
923,Ana Diaz 0923,Gobierno,7,cliente.co,1960
924,Andres Rojas 0924,Educacion,17,cliente.co,1966
925,Andres Rojas 0925,Educacion,25,contoso.com,1970
926,Andres Diaz 0926,Retail,10,outlook.com,1987
927,Andres Torres 0927,Educacion,24,gmail.com,1971
928,Jorge Rodriguez 0928,Educacion,29,empresa.com,2000
929,Andres Lopez 0929,Corporativo,9,contoso.com,1971
930,Jorge Sanchez 0930,Pyme,7,outlook.com,1989
931,Miguel Sanchez 0931,Pyme,25,contoso.com,1979
932,Sofia Morales 0932,Educacion,11,cliente.co,1973
933,Felipe Martinez 0933,Pyme,30,outlook.com,1973
934,Carlos Diaz 0934,Retail,23,gmail.com,1984
935,Camila Ramirez 0935,Educacion,33,fabrikam.com,1960
936,Valentina Torres 0936,Educacion,32,outlook.com,1972
937,Felipe Rojas 0937,Educacion,14,cliente.co,1973
938,Sofia Morales 0938,Educacion,6,empresa.com,1980
939,Pedro Castro 0939,Gobierno,14,empresa.com,1981
940,Pedro Martinez 0940,Educacion,21,fabrikam.com,1996
941,Felipe Diaz 0941,Retail,26,gmail.com,1975
942,Ana Lopez 0942,Pyme,4,contoso.com,1984
943,Felipe Gomez 0943,Retail,8,empresa.com,1963
944,Juan Ramirez 0944,Pyme,32,fabrikam.com,1984
945,Isabella Rojas 0945,Gobierno,16,gmail.com,1991
946,Laura Castro 0946,Corporativo,33,gmail.com,1995
947,Maria Lopez 0947,Educacion,1,gmail.com,1987
948,Ana Sanchez 0948,Pyme,4,contoso.com,1966
949,Ana Gomez 0949,Corporativo,34,gmail.com,2002
950,Juan Rojas 0950,Retail,8,cliente.co,1998
951,Maria Perez 0951,Pyme,19,fabrikam.com,1983
952,Felipe Rodriguez 0952,Gobierno,19,empresa.com,1974
953,Ana Diaz 0953,Gobierno,8,gmail.com,1992
954,Felipe Ramirez 0954,Educacion,2,contoso.com,1996
955,Valentina Rodriguez 0955,Educacion,15,cliente.co,1987
956,Juan Garcia 0956,Educacion,2,fabrikam.com,1969
957,Jorge Perez 0957,Educacion,17,contoso.com,1960
958,Valentina Torres 0958,Pyme,8,outlook.com,1970
959,Pedro Sanchez 0959,Retail,1,contoso.com,1968
960,Diego Castro 0960,Educacion,18,empresa.com,1988
961,Jorge Ramirez 0961,Educacion,24,fabrikam.com,1998
962,Maria Martinez 0962,Educacion,16,contoso.com,1990
963,Maria Rojas 0963,Pyme,8,contoso.com,2003
964,Juan Martinez 0964,Corporativo,27,gmail.com,1988
965,Andres Castro 0965,Retail,3,contoso.com,1993
966,Juan Morales 0966,Educacion,3,outlook.com,1974
967,Valentina Vargas 0967,Educacion,14,contoso.com,1992
968,Andres Rojas 0968,Gobierno,2,gmail.com,1994
969,Pedro Lopez 0969,Corporativo,22,fabrikam.com,1968
970,Miguel Martinez 0970,Pyme,18,contoso.com,1969
971,Daniela Ramirez 0971,Retail,27,outlook.com,1981
972,Juan Vargas 0972,Educacion,13,empresa.com,1991
973,Ana Vargas 0973,Gobierno,27,gmail.com,2003
974,Diego Morales 0974,Retail,27,outlook.com,1987
975,Miguel Garcia 0975,Retail,10,empresa.com,1987
976,Carlos Ramirez 0976,Gobierno,7,cliente.co,1979
977,Ana Diaz 0977,Educacion,11,cliente.co,1968
978,Miguel Morales 0978,Pyme,13,contoso.com,1995
979,Jorge Garcia 0979,Educacion,15,contoso.com,1970
980,Miguel Torres 0980,Corporativo,31,contoso.com,1981
981,Isabella Gomez 0981,Gobierno,13,cliente.co,1990
982,Diego Rojas 0982,Corporativo,24,outlook.com,1990
983,Isabella Vargas 0983,Pyme,9,empresa.com,1992
984,Juan Rojas 0984,Pyme,34,cliente.co,1967
985,Camila Martinez 0985,Pyme,2,gmail.com,1986
986,Isabella Perez 0986,Gobierno,26,cliente.co,2000
987,Daniela Castro 0987,Educacion,18,outlook.com,2001
988,Ana Diaz 0988,Corporativo,22,gmail.com,1987
989,Diego Lopez 0989,Gobierno,29,contoso.com,1991
990,Camila Morales 0990,Corporativo,20,empresa.com,1996
991,Maria Gomez 0991,Educacion,10,empresa.com,2001
992,Diego Garcia 0992,Educacion,17,fabrikam.com,1972
993,Felipe Vargas 0993,Pyme,19,fabrikam.com,1996
994,Juan Castro 0994,Gobierno,9,cliente.co,1960
995,Andres Ramirez 0995,Gobierno,6,fabrikam.com,1964
996,Valentina Ramirez 0996,Corporativo,27,outlook.com,1992
997,Valentina Morales 0997,Gobierno,16,fabrikam.com,1965
998,Maria Torres 0998,Retail,3,empresa.com,1963
999,Andres Lopez 0999,Corporativo,2,empresa.com,1992
1000,Isabella Vargas 1000,Pyme,33,contoso.com,1997
1001,Pedro Sanchez 1001,Educacion,3,cliente.co,1987
1002,Miguel Rojas 1002,Educacion,20,cliente.co,1968
1003,Sofia Perez 1003,Educacion,31,empresa.com,1961
1004,Miguel Rodriguez 1004,Pyme,21,empresa.com,1996
1005,Laura Rodriguez 1005,Gobierno,9,contoso.com,1983
1006,Miguel Vargas 1006,Pyme,26,outlook.com,1989
1007,Pedro Sanchez 1007,Educacion,20,empresa.com,1994
1008,Carlos Castro 1008,Gobierno,19,contoso.com,1964
1009,Maria Diaz 1009,Educacion,6,empresa.com,1963
1010,Jorge Torres 1010,Retail,23,contoso.com,1971
1011,Jorge Rodriguez 1011,Educacion,4,outlook.com,1975
1012,Laura Diaz 1012,Retail,19,contoso.com,1998
1013,Pedro Martinez 1013,Retail,19,gmail.com,1999
1014,Camila Gomez 1014,Pyme,7,contoso.com,1991
1015,Daniela Sanchez 1015,Educacion,22,gmail.com,1963
1016,Pedro Rodriguez 1016,Corporativo,6,gmail.com,1967
1017,Valentina Castro 1017,Educacion,27,fabrikam.com,1965
1018,Maria Ramirez 1018,Pyme,7,fabrikam.com,1973
1019,Camila Vargas 1019,Gobierno,24,outlook.com,1974
1020,Daniela Torres 1020,Gobierno,18,contoso.com,1980
1021,Camila Sanchez 1021,Corporativo,6,fabrikam.com,2000
1022,Daniela Rojas 1022,Pyme,14,gmail.com,1968
1023,Felipe Sanchez 1023,Educacion,29,outlook.com,1961
1024,Sofia Diaz 1024,Pyme,19,outlook.com,2003
1025,Andres Rojas 1025,Pyme,17,empresa.com,1981
1026,Carlos Sanchez 1026,Gobierno,21,outlook.com,1973
1027,Jorge Gomez 1027,Gobierno,33,outlook.com,1971
1028,Laura Morales 1028,Corporativo,28,fabrikam.com,2003
1029,Sofia Martinez 1029,Retail,10,contoso.com,1983
1030,Daniela Lopez 1030,Pyme,8,empresa.com,1993
1031,Jorge Diaz 1031,Educacion,11,outlook.com,1966
1032,Carlos Gomez 1032,Corporativo,34,cliente.co,1987
1033,Isabella Vargas 1033,Gobierno,33,contoso.com,2002
1034,Valentina Rojas 1034,Gobierno,28,cliente.co,1977
1035,Laura Martinez 1035,Retail,3,outlook.com,1967
1036,Andres Perez 1036,Pyme,25,contoso.com,1988
1037,Andres Torres 1037,Pyme,11,cliente.co,1991
1038,Isabella Castro 1038,Corporativo,18,contoso.com,1975
1039,Juan Rojas 1039,Gobierno,22,cliente.co,2001
1040,Miguel Rojas 1040,Corporativo,3,contoso.com,1973
1041,Maria Diaz 1041,Retail,1,gmail.com,1960
1042,Ana Perez 1042,Corporativo,14,gmail.com,1963
1043,Jorge Ramirez 1043,Pyme,10,fabrikam.com,1996
1044,Jorge Rojas 1044,Pyme,27,contoso.com,1978
1045,Miguel Rodriguez 1045,Educacion,11,cliente.co,1993
1046,Isabella Sanchez 1046,Corporativo,29,empresa.com,1963
1047,Valentina Gomez 1047,Gobierno,30,cliente.co,1996
1048,Laura Torres 1048,Pyme,9,outlook.com,1990
1049,Pedro Rojas 1049,Educacion,26,contoso.com,1962
1050,Daniela Garcia 1050,Corporativo,27,gmail.com,1961
1051,Andres Perez 1051,Gobierno,9,fabrikam.com,1972
1052,Laura Rojas 1052,Pyme,32,fabrikam.com,1962
1053,Maria Vargas 1053,Pyme,10,contoso.com,1980
1054,Pedro Rodriguez 1054,Pyme,9,gmail.com,1987
1055,Felipe Sanchez 1055,Retail,25,outlook.com,1976
1056,Valentina Rojas 1056,Corporativo,34,fabrikam.com,1960
1057,Andres Martinez 1057,Pyme,11,fabrikam.com,1995
1058,Felipe Castro 1058,Educacion,29,empresa.com,1982
1059,Diego Torres 1059,Pyme,30,contoso.com,1992
1060,Miguel Martinez 1060,Retail,21,outlook.com,1994
1061,Jorge Sanchez 1061,Pyme,3,gmail.com,1998
1062,Jorge Garcia 1062,Gobierno,9,contoso.com,1998
1063,Jorge Gomez 1063,Retail,32,gmail.com,1988
1064,Maria Diaz 1064,Pyme,7,gmail.com,1991
1065,Juan Castro 1065,Educacion,32,outlook.com,1968
1066,Sofia Rojas 1066,Pyme,11,fabrikam.com,1978
1067,Laura Sanchez 1067,Educacion,4,fabrikam.com,2002
1068,Felipe Morales 1068,Pyme,8,gmail.com,1985
1069,Valentina Diaz 1069,Pyme,6,empresa.com,1979
1070,Felipe Ramirez 1070,Educacion,10,gmail.com,1960
1071,Laura Morales 1071,Educacion,17,empresa.com,1988
1072,Isabella Torres 1072,Gobierno,5,gmail.com,1973
1073,Valentina Diaz 1073,Retail,8,cliente.co,1970
1074,Ana Castro 1074,Retail,28,contoso.com,1986
1075,Ana Martinez 1075,Corporativo,14,fabrikam.com,1980
1076,Miguel Sanchez 1076,Educacion,32,gmail.com,1980
1077,Ana Lopez 1077,Corporativo,11,empresa.com,1991
1078,Sofia Gomez 1078,Retail,29,empresa.com,1973
1079,Sofia Garcia 1079,Retail,22,cliente.co,1980
1080,Carlos Ramirez 1080,Gobierno,17,cliente.co,1999
1081,Andres Diaz 1081,Pyme,2,contoso.com,2003
1082,Isabella Torres 1082,Gobierno,4,gmail.com,1970
1083,Daniela Sanchez 1083,Educacion,32,outlook.com,1962
1084,Jorge Perez 1084,Retail,16,contoso.com,1994
1085,Andres Lopez 1085,Pyme,6,fabrikam.com,1980
1086,Miguel Diaz 1086,Corporativo,32,gmail.com,1982
1087,Carlos Castro 1087,Educacion,32,fabrikam.com,1967
1088,Andres Morales 1088,Corporativo,32,empresa.com,1998
1089,Carlos Rojas 1089,Retail,24,cliente.co,1985
1090,Miguel Gomez 1090,Corporativo,10,cliente.co,2000
1091,Camila Castro 1091,Educacion,2,contoso.com,1964
1092,Juan Castro 1092,Corporativo,11,cliente.co,1998
1093,Laura Garcia 1093,Retail,27,empresa.com,1980
1094,Diego Rojas 1094,Corporativo,21,outlook.com,1991
1095,Laura Gomez 1095,Gobierno,21,outlook.com,1984
1096,Laura Morales 1096,Educacion,3,outlook.com,1983
1097,Maria Castro 1097,Gobierno,10,outlook.com,1970
1098,Maria Torres 1098,Gobierno,15,gmail.com,1965
1099,Laura Garcia 1099,Retail,30,outlook.com,1994
1100,Jorge Rodriguez 1100,Educacion,6,gmail.com,1994
1101,Isabella Perez 1101,Retail,16,fabrikam.com,1960
1102,Isabella Perez 1102,Retail,14,contoso.com,1973
1103,Laura Rojas 1103,Educacion,33,gmail.com,1968
1104,Andres Torres 1104,Corporativo,23,gmail.com,1985
1105,Juan Rojas 1105,Retail,26,gmail.com,1991
1106,Valentina Martinez 1106,Corporativo,8,cliente.co,2000
1107,Andres Martinez 1107,Pyme,26,cliente.co,1983
1108,Camila Martinez 1108,Retail,18,cliente.co,1997
1109,Carlos Martinez 1109,Corporativo,24,fabrikam.com,2003
1110,Isabella Morales 1110,Gobierno,16,empresa.com,1964
1111,Ana Sanchez 1111,Gobierno,8,empresa.com,1963
1112,Juan Gomez 1112,Pyme,31,fabrikam.com,1988
1113,Felipe Torres 1113,Pyme,1,fabrikam.com,1990
1114,Ana Gomez 1114,Retail,20,fabrikam.com,1991
1115,Juan Sanchez 1115,Gobierno,3,fabrikam.com,1978
1116,Valentina Rodriguez 1116,Pyme,25,contoso.com,2000
1117,Camila Morales 1117,Educacion,7,gmail.com,1995
1118,Pedro Ramirez 1118,Educacion,3,fabrikam.com,1996
1119,Jorge Rodriguez 1119,Educacion,7,empresa.com,1963
1120,Miguel Gomez 1120,Gobierno,24,outlook.com,1974
1121,Ana Lopez 1121,Gobierno,28,gmail.com,2002
1122,Isabella Vargas 1122,Corporativo,5,empresa.com,1968
1123,Isabella Diaz 1123,Gobierno,28,contoso.com,1979
1124,Ana Martinez 1124,Gobierno,3,outlook.com,1983
1125,Maria Torres 1125,Gobierno,15,cliente.co,1966
1126,Andres Lopez 1126,Educacion,2,gmail.com,1992
1127,Jorge Diaz 1127,Retail,12,fabrikam.com,1993
1128,Miguel Rojas 1128,Retail,12,cliente.co,1994
1129,Miguel Sanchez 1129,Retail,19,cliente.co,2003
1130,Felipe Martinez 1130,Corporativo,11,cliente.co,1963
1131,Valentina Ramirez 1131,Pyme,4,cliente.co,1990
1132,Pedro Garcia 1132,Educacion,14,cliente.co,1990
1133,Miguel Gomez 1133,Pyme,9,cliente.co,1979
1134,Valentina Rodriguez 1134,Retail,6,empresa.com,1999
1135,Jorge Castro 1135,Educacion,19,fabrikam.com,1963
1136,Carlos Sanchez 1136,Retail,6,fabrikam.com,1980
1137,Maria Garcia 1137,Pyme,23,contoso.com,1977
1138,Diego Lopez 1138,Corporativo,24,outlook.com,1989
1139,Daniela Vargas 1139,Pyme,12,empresa.com,1991
1140,Maria Diaz 1140,Pyme,2,fabrikam.com,1971
1141,Valentina Lopez 1141,Gobierno,19,contoso.com,1979
1142,Daniela Vargas 1142,Corporativo,12,gmail.com,1997
1143,Daniela Torres 1143,Retail,4,gmail.com,1991
1144,Diego Rodriguez 1144,Corporativo,2,fabrikam.com,1967
1145,Ana Garcia 1145,Corporativo,21,fabrikam.com,1999
1146,Carlos Castro 1146,Corporativo,32,outlook.com,1970
1147,Juan Vargas 1147,Educacion,31,gmail.com,1972
1148,Maria Ramirez 1148,Retail,24,contoso.com,1984
1149,Diego Perez 1149,Corporativo,23,gmail.com,1983
1150,Ana Rojas 1150,Corporativo,34,outlook.com,2000
1151,Juan Torres 1151,Corporativo,18,outlook.com,1970
1152,Felipe Castro 1152,Retail,10,fabrikam.com,1982
1153,Juan Ramirez 1153,Pyme,27,fabrikam.com,1980
1154,Jorge Ramirez 1154,Retail,26,outlook.com,1968
1155,Laura Gomez 1155,Retail,7,fabrikam.com,1987
1156,Miguel Rodriguez 1156,Gobierno,17,outlook.com,1963
1157,Valentina Gomez 1157,Educacion,2,gmail.com,1980
1158,Isabella Sanchez 1158,Retail,28,outlook.com,1983
1159,Isabella Vargas 1159,Pyme,31,outlook.com,1977
1160,Carlos Gomez 1160,Gobierno,28,empresa.com,1996
1161,Jorge Perez 1161,Gobierno,28,fabrikam.com,1984
1162,Maria Sanchez 1162,Gobierno,18,cliente.co,1994
1163,Andres Rojas 1163,Gobierno,10,fabrikam.com,1988
1164,Juan Rodriguez 1164,Gobierno,2,cliente.co,1963
1165,Camila Morales 1165,Pyme,20,empresa.com,1983
1166,Diego Lopez 1166,Pyme,12,contoso.com,1985
1167,Carlos Garcia 1167,Educacion,18,empresa.com,1997
1168,Pedro Morales 1168,Corporativo,3,gmail.com,1988
1169,Carlos Torres 1169,Pyme,32,cliente.co,1997
1170,Camila Castro 1170,Corporativo,25,empresa.com,1998
1171,Sofia Morales 1171,Retail,27,fabrikam.com,1969
1172,Laura Ramirez 1172,Educacion,11,empresa.com,1972
1173,Ana Garcia 1173,Educacion,17,cliente.co,1988
1174,Andres Vargas 1174,Corporativo,31,outlook.com,1971
1175,Daniela Torres 1175,Educacion,23,fabrikam.com,1991
1176,Carlos Castro 1176,Educacion,12,fabrikam.com,1984
1177,Andres Martinez 1177,Gobierno,29,fabrikam.com,1979
1178,Pedro Sanchez 1178,Corporativo,18,contoso.com,1965
1179,Carlos Rodriguez 1179,Pyme,1,fabrikam.com,1983
1180,Miguel Castro 1180,Corporativo,33,cliente.co,1999
1181,Jorge Sanchez 1181,Retail,26,contoso.com,1983
1182,Camila Sanchez 1182,Retail,2,empresa.com,1994
1183,Andres Sanchez 1183,Pyme,3,empresa.com,1982
1184,Jorge Rojas 1184,Gobierno,8,fabrikam.com,1961
1185,Andres Morales 1185,Pyme,23,cliente.co,1990
1186,Maria Rodriguez 1186,Corporativo,17,gmail.com,1974
1187,Sofia Gomez 1187,Corporativo,9,empresa.com,1965
1188,Isabella Diaz 1188,Corporativo,8,outlook.com,1991
1189,Diego Torres 1189,Educacion,33,gmail.com,1979
1190,Sofia Lopez 1190,Gobierno,10,cliente.co,1988
1191,Felipe Rodriguez 1191,Retail,15,cliente.co,1987
1192,Maria Perez 1192,Retail,8,outlook.com,1965
1193,Laura Morales 1193,Corporativo,29,gmail.com,1966
1194,Diego Vargas 1194,Gobierno,27,cliente.co,1997
1195,Daniela Morales 1195,Educacion,13,gmail.com,1960
1196,Miguel Morales 1196,Educacion,3,fabrikam.com,1963
1197,Pedro Rojas 1197,Educacion,19,cliente.co,1995
1198,Pedro Lopez 1198,Corporativo,21,cliente.co,1989
1199,Sofia Castro 1199,Retail,34,empresa.com,1978
1200,Daniela Perez 1200,Corporativo,24,gmail.com,1970
1201,Pedro Morales 1201,Gobierno,21,cliente.co,1971
1202,Isabella Rojas 1202,Pyme,6,fabrikam.com,1976
1203,Juan Garcia 1203,Pyme,10,fabrikam.com,1997
1204,Pedro Vargas 1204,Retail,7,fabrikam.com,1969
1205,Miguel Garcia 1205,Corporativo,5,empresa.com,1970
1206,Jorge Morales 1206,Pyme,13,gmail.com,1974
1207,Carlos Gomez 1207,Educacion,22,outlook.com,1981
1208,Juan Diaz 1208,Gobierno,32,gmail.com,1965
1209,Valentina Torres 1209,Retail,28,gmail.com,1998
1210,Juan Perez 1210,Gobierno,34,contoso.com,1963
1211,Isabella Sanchez 1211,Retail,17,fabrikam.com,1989
1212,Carlos Sanchez 1212,Gobierno,7,fabrikam.com,1996
1213,Juan Lopez 1213,Pyme,31,empresa.com,2002
1214,Juan Vargas 1214,Corporativo,12,cliente.co,1976
1215,Camila Perez 1215,Pyme,4,cliente.co,1996
1216,Pedro Torres 1216,Corporativo,1,empresa.com,1980
1217,Maria Martinez 1217,Gobierno,3,fabrikam.com,1989
1218,Laura Garcia 1218,Educacion,10,fabrikam.com,1997
1219,Carlos Rojas 1219,Gobierno,24,empresa.com,2002
1220,Jorge Garcia 1220,Educacion,9,cliente.co,1977
1221,Laura Vargas 1221,Pyme,5,gmail.com,1967
1222,Ana Diaz 1222,Corporativo,18,empresa.com,1987
1223,Valentina Sanchez 1223,Pyme,15,fabrikam.com,1970
1224,Juan Ramirez 1224,Gobierno,18,contoso.com,1964
1225,Valentina Garcia 1225,Corporativo,19,empresa.com,1973
1226,Pedro Diaz 1226,Retail,19,empresa.com,1982
1227,Isabella Martinez 1227,Corporativo,4,contoso.com,1994
1228,Ana Rojas 1228,Retail,27,gmail.com,1976
1229,Carlos Martinez 1229,Educacion,8,fabrikam.com,1965
1230,Andres Vargas 1230,Gobierno,16,empresa.com,1974
1231,Maria Perez 1231,Corporativo,10,contoso.com,1999
1232,Daniela Diaz 1232,Educacion,4,empresa.com,1974
1233,Isabella Perez 1233,Pyme,24,cliente.co,1983
1234,Jorge Diaz 1234,Pyme,15,gmail.com,1963
1235,Isabella Morales 1235,Educacion,6,fabrikam.com,1981
1236,Ana Torres 1236,Corporativo,7,contoso.com,1968
1237,Miguel Gomez 1237,Educacion,26,contoso.com,2001
1238,Juan Martinez 1238,Retail,4,outlook.com,1967
1239,Isabella Rodriguez 1239,Retail,17,empresa.com,1996
1240,Valentina Perez 1240,Gobierno,32,empresa.com,1964
1241,Carlos Torres 1241,Retail,16,contoso.com,1977
1242,Diego Garcia 1242,Corporativo,23,empresa.com,1967
1243,Andres Gomez 1243,Gobierno,5,gmail.com,1969
1244,Maria Lopez 1244,Gobierno,5,contoso.com,1999
1245,Felipe Sanchez 1245,Corporativo,9,cliente.co,1974
1246,Jorge Vargas 1246,Pyme,22,fabrikam.com,1964
1247,Juan Morales 1247,Corporativo,9,empresa.com,1979
1248,Ana Lopez 1248,Pyme,3,empresa.com,1993
1249,Juan Diaz 1249,Retail,15,outlook.com,1965
1250,Maria Torres 1250,Pyme,5,fabrikam.com,1969
1251,Camila Gomez 1251,Retail,24,fabrikam.com,1972
1252,Pedro Perez 1252,Pyme,15,fabrikam.com,1961
1253,Laura Gomez 1253,Corporativo,10,gmail.com,1969
1254,Jorge Perez 1254,Retail,15,gmail.com,1969
1255,Sofia Vargas 1255,Pyme,22,contoso.com,1992
1256,Ana Vargas 1256,Pyme,9,cliente.co,2000
1257,Diego Vargas 1257,Gobierno,32,empresa.com,1966
1258,Carlos Lopez 1258,Retail,30,empresa.com,1988
1259,Andres Perez 1259,Corporativo,3,empresa.com,1982
1260,Andres Sanchez 1260,Corporativo,30,cliente.co,1980
1261,Diego Morales 1261,Retail,12,fabrikam.com,1988
1262,Camila Torres 1262,Retail,23,gmail.com,1968
1263,Ana Martinez 1263,Retail,33,fabrikam.com,1970
1264,Felipe Rojas 1264,Retail,14,fabrikam.com,1990
1265,Valentina Perez 1265,Pyme,5,fabrikam.com,1976
1266,Andres Perez 1266,Retail,5,outlook.com,1963
1267,Andres Torres 1267,Gobierno,6,gmail.com,2001
1268,Andres Martinez 1268,Gobierno,20,fabrikam.com,2001
1269,Felipe Castro 1269,Retail,8,empresa.com,1999
1270,Juan Vargas 1270,Corporativo,10,empresa.com,1983
1271,Jorge Sanchez 1271,Educacion,14,cliente.co,1978
1272,Carlos Rodriguez 1272,Gobierno,4,cliente.co,1961
1273,Isabella Torres 1273,Corporativo,1,fabrikam.com,1963
1274,Diego Ramirez 1274,Gobierno,27,contoso.com,1965
1275,Pedro Morales 1275,Educacion,18,fabrikam.com,1960
1276,Valentina Garcia 1276,Educacion,8,outlook.com,1972
1277,Laura Rodriguez 1277,Gobierno,25,fabrikam.com,1965
1278,Ana Gomez 1278,Gobierno,23,fabrikam.com,1977
1279,Laura Perez 1279,Educacion,24,gmail.com,1991
1280,Carlos Gomez 1280,Gobierno,7,gmail.com,1989
1281,Pedro Diaz 1281,Pyme,21,cliente.co,1963
1282,Pedro Morales 1282,Retail,27,outlook.com,1968
1283,Isabella Diaz 1283,Retail,10,contoso.com,1996
1284,Juan Rojas 1284,Gobierno,26,gmail.com,1970
1285,Diego Sanchez 1285,Pyme,28,cliente.co,1991
1286,Pedro Castro 1286,Retail,33,contoso.com,1970
1287,Sofia Diaz 1287,Retail,31,contoso.com,2002
1288,Diego Castro 1288,Gobierno,25,cliente.co,2000
1289,Maria Sanchez 1289,Corporativo,6,empresa.com,1962
1290,Valentina Sanchez 1290,Pyme,7,gmail.com,1983
1291,Jorge Martinez 1291,Corporativo,31,contoso.com,1967
1292,Jorge Sanchez 1292,Retail,8,cliente.co,1963
1293,Andres Morales 1293,Retail,26,contoso.com,1963
1294,Juan Gomez 1294,Retail,12,cliente.co,1964
1295,Isabella Morales 1295,Retail,4,cliente.co,1982
1296,Miguel Garcia 1296,Gobierno,17,fabrikam.com,1999
1297,Isabella Sanchez 1297,Pyme,27,gmail.com,1981
1298,Carlos Rodriguez 1298,Pyme,17,gmail.com,1998
1299,Andres Castro 1299,Educacion,27,gmail.com,1992
1300,Diego Gomez 1300,Corporativo,27,empresa.com,1982
1301,Isabella Gomez 1301,Corporativo,34,empresa.com,1985
1302,Andres Martinez 1302,Gobierno,29,cliente.co,1962
1303,Carlos Garcia 1303,Corporativo,5,fabrikam.com,1981
1304,Andres Martinez 1304,Educacion,8,contoso.com,1960
1305,Andres Vargas 1305,Retail,12,fabrikam.com,1997
1306,Diego Ramirez 1306,Educacion,11,outlook.com,1974
1307,Juan Gomez 1307,Educacion,18,gmail.com,1970
1308,Diego Vargas 1308,Retail,2,cliente.co,1961
1309,Camila Rojas 1309,Retail,8,fabrikam.com,1990
1310,Camila Lopez 1310,Corporativo,31,gmail.com,1986
1311,Diego Perez 1311,Pyme,13,outlook.com,2003
1312,Sofia Lopez 1312,Pyme,25,empresa.com,1986
1313,Daniela Perez 1313,Retail,19,cliente.co,1960
1314,Pedro Castro 1314,Educacion,14,empresa.com,1960
1315,Sofia Ramirez 1315,Educacion,13,gmail.com,1974
1316,Andres Martinez 1316,Pyme,25,empresa.com,1986
1317,Felipe Torres 1317,Gobierno,33,cliente.co,1985
1318,Juan Sanchez 1318,Pyme,2,contoso.com,1964
1319,Andres Diaz 1319,Educacion,34,contoso.com,1986
1320,Juan Perez 1320,Educacion,26,contoso.com,1988
1321,Felipe Sanchez 1321,Retail,17,gmail.com,1983
1322,Andres Ramirez 1322,Educacion,9,cliente.co,1989
1323,Maria Martinez 1323,Corporativo,3,fabrikam.com,1999
1324,Ana Sanchez 1324,Gobierno,27,contoso.com,1997
1325,Camila Rodriguez 1325,Gobierno,21,gmail.com,1988
1326,Pedro Diaz 1326,Pyme,25,cliente.co,1991
1327,Ana Perez 1327,Educacion,30,gmail.com,1981
1328,Sofia Garcia 1328,Educacion,13,contoso.com,1977
1329,Diego Rodriguez 1329,Corporativo,24,fabrikam.com,1970
1330,Miguel Rojas 1330,Corporativo,34,contoso.com,1965
1331,Pedro Torres 1331,Retail,25,cliente.co,2000
1332,Valentina Lopez 1332,Corporativo,11,gmail.com,1997
1333,Diego Perez 1333,Gobierno,26,gmail.com,1987
1334,Juan Sanchez 1334,Educacion,14,empresa.com,1978
1335,Andres Vargas 1335,Pyme,17,empresa.com,1968
1336,Laura Rodriguez 1336,Educacion,21,empresa.com,1965
1337,Ana Rodriguez 1337,Educacion,11,cliente.co,1994
1338,Jorge Morales 1338,Retail,31,empresa.com,1964
1339,Maria Rojas 1339,Pyme,22,contoso.com,2001
1340,Maria Perez 1340,Pyme,6,fabrikam.com,1978
1341,Ana Sanchez 1341,Corporativo,34,gmail.com,1965
1342,Laura Ramirez 1342,Pyme,22,outlook.com,1980
1343,Ana Diaz 1343,Retail,15,fabrikam.com,1983
1344,Maria Gomez 1344,Gobierno,11,fabrikam.com,1982
1345,Carlos Rodriguez 1345,Retail,20,gmail.com,1979
1346,Juan Sanchez 1346,Gobierno,16,empresa.com,1973
1347,Andres Vargas 1347,Corporativo,28,contoso.com,1964
1348,Diego Castro 1348,Educacion,13,cliente.co,1961
1349,Ana Martinez 1349,Gobierno,16,outlook.com,1967
1350,Diego Castro 1350,Retail,7,contoso.com,2001
1351,Sofia Morales 1351,Retail,32,cliente.co,1986
1352,Valentina Castro 1352,Educacion,15,fabrikam.com,1994
1353,Daniela Ramirez 1353,Educacion,17,fabrikam.com,1976
1354,Pedro Perez 1354,Gobierno,5,cliente.co,1995
1355,Laura Castro 1355,Educacion,31,cliente.co,1993
1356,Maria Gomez 1356,Retail,2,contoso.com,1961
1357,Pedro Sanchez 1357,Pyme,30,contoso.com,1990
1358,Jorge Gomez 1358,Educacion,4,fabrikam.com,1979
1359,Carlos Vargas 1359,Educacion,8,contoso.com,2002
1360,Maria Perez 1360,Retail,34,outlook.com,1990
1361,Pedro Perez 1361,Educacion,16,fabrikam.com,1977
1362,Felipe Castro 1362,Educacion,5,fabrikam.com,1983
1363,Valentina Perez 1363,Gobierno,5,cliente.co,1976
1364,Carlos Vargas 1364,Retail,2,outlook.com,1968
1365,Felipe Rojas 1365,Educacion,26,fabrikam.com,1981
1366,Felipe Castro 1366,Retail,15,empresa.com,1982
1367,Miguel Rodriguez 1367,Retail,8,contoso.com,1969
1368,Diego Sanchez 1368,Corporativo,31,outlook.com,1988
1369,Ana Rodriguez 1369,Pyme,31,empresa.com,1981
1370,Carlos Diaz 1370,Educacion,27,gmail.com,1998
1371,Diego Garcia 1371,Retail,17,gmail.com,1972
1372,Carlos Garcia 1372,Retail,13,cliente.co,1987
1373,Valentina Rodriguez 1373,Corporativo,20,contoso.com,1993
1374,Andres Gomez 1374,Educacion,34,gmail.com,1974
1375,Laura Morales 1375,Pyme,19,cliente.co,1999
1376,Juan Ramirez 1376,Pyme,15,cliente.co,1966
1377,Juan Torres 1377,Corporativo,26,empresa.com,1964
1378,Pedro Lopez 1378,Gobierno,28,outlook.com,1973
1379,Daniela Vargas 1379,Pyme,31,outlook.com,1987
1380,Miguel Diaz 1380,Educacion,3,outlook.com,1987
1381,Camila Vargas 1381,Educacion,5,empresa.com,1997
1382,Pedro Diaz 1382,Pyme,12,contoso.com,1986
1383,Carlos Lopez 1383,Corporativo,33,empresa.com,2001
1384,Valentina Martinez 1384,Corporativo,24,empresa.com,1966
1385,Pedro Rodriguez 1385,Retail,32,outlook.com,1961
1386,Carlos Sanchez 1386,Retail,26,gmail.com,1980
1387,Carlos Rojas 1387,Educacion,4,cliente.co,1970
1388,Camila Garcia 1388,Corporativo,26,fabrikam.com,2000
1389,Miguel Ramirez 1389,Corporativo,8,cliente.co,1989
1390,Laura Sanchez 1390,Retail,25,gmail.com,1979
1391,Miguel Torres 1391,Retail,24,empresa.com,1972
1392,Carlos Lopez 1392,Retail,18,fabrikam.com,1969
1393,Carlos Ramirez 1393,Pyme,9,contoso.com,1991
1394,Daniela Rojas 1394,Retail,27,gmail.com,2003
1395,Pedro Garcia 1395,Retail,21,cliente.co,1977
1396,Isabella Vargas 1396,Gobierno,15,fabrikam.com,1998
1397,Felipe Torres 1397,Educacion,34,outlook.com,1978
1398,Camila Torres 1398,Pyme,1,outlook.com,1994
1399,Jorge Garcia 1399,Educacion,34,contoso.com,1993
1400,Ana Gomez 1400,Pyme,29,fabrikam.com,1966
1401,Daniela Rojas 1401,Corporativo,2,fabrikam.com,1961
1402,Laura Castro 1402,Corporativo,16,cliente.co,1974
1403,Diego Gomez 1403,Corporativo,24,gmail.com,1995
1404,Felipe Morales 1404,Gobierno,27,fabrikam.com,1972
1405,Camila Sanchez 1405,Pyme,34,empresa.com,1993
1406,Isabella Diaz 1406,Educacion,9,contoso.com,1975
1407,Carlos Diaz 1407,Corporativo,10,outlook.com,1994
1408,Carlos Gomez 1408,Corporativo,28,contoso.com,1977
1409,Miguel Perez 1409,Pyme,5,empresa.com,1963
1410,Maria Torres 1410,Pyme,22,gmail.com,1974
1411,Maria Garcia 1411,Educacion,24,gmail.com,2002
1412,Camila Ramirez 1412,Retail,5,cliente.co,1962
1413,Carlos Lopez 1413,Retail,2,empresa.com,1965
1414,Sofia Torres 1414,Pyme,23,gmail.com,1988
1415,Daniela Garcia 1415,Gobierno,20,empresa.com,1971
1416,Pedro Rojas 1416,Retail,1,contoso.com,1982
1417,Juan Martinez 1417,Gobierno,20,empresa.com,1986
1418,Felipe Ramirez 1418,Gobierno,8,cliente.co,1999
1419,Laura Vargas 1419,Gobierno,33,empresa.com,1988
1420,Jorge Rodriguez 1420,Educacion,17,fabrikam.com,1964
1421,Daniela Rojas 1421,Corporativo,2,contoso.com,1991
1422,Maria Torres 1422,Corporativo,8,outlook.com,1979
1423,Ana Martinez 1423,Retail,20,cliente.co,1977
1424,Felipe Perez 1424,Corporativo,23,outlook.com,1993
1425,Diego Martinez 1425,Gobierno,16,outlook.com,1964
1426,Jorge Diaz 1426,Educacion,4,empresa.com,2002
1427,Miguel Garcia 1427,Gobierno,22,fabrikam.com,2003
1428,Felipe Rojas 1428,Educacion,10,cliente.co,1988
1429,Valentina Rojas 1429,Educacion,27,gmail.com,1984
1430,Felipe Gomez 1430,Retail,19,gmail.com,1998
1431,Isabella Martinez 1431,Gobierno,34,contoso.com,1980
1432,Diego Lopez 1432,Pyme,15,cliente.co,1999
1433,Camila Gomez 1433,Educacion,34,empresa.com,1999
1434,Diego Torres 1434,Pyme,10,cliente.co,1970
1435,Felipe Lopez 1435,Pyme,13,contoso.com,1992
1436,Isabella Martinez 1436,Pyme,16,outlook.com,1971
1437,Andres Torres 1437,Pyme,24,cliente.co,1985
1438,Jorge Gomez 1438,Corporativo,29,empresa.com,2000
1439,Andres Perez 1439,Corporativo,20,contoso.com,1968
1440,Jorge Castro 1440,Retail,19,fabrikam.com,1971
1441,Diego Rodriguez 1441,Gobierno,27,empresa.com,1981
1442,Miguel Perez 1442,Educacion,19,outlook.com,1960
1443,Camila Rodriguez 1443,Retail,34,empresa.com,1976
1444,Daniela Vargas 1444,Gobierno,18,contoso.com,1997
1445,Ana Gomez 1445,Corporativo,16,gmail.com,1965
1446,Sofia Diaz 1446,Corporativo,21,fabrikam.com,1970
1447,Ana Torres 1447,Pyme,4,fabrikam.com,1962
1448,Andres Sanchez 1448,Educacion,23,cliente.co,1984
1449,Jorge Martinez 1449,Educacion,24,cliente.co,1983
1450,Carlos Morales 1450,Retail,3,cliente.co,1995
1451,Sofia Vargas 1451,Gobierno,25,fabrikam.com,1984
1452,Sofia Rodriguez 1452,Pyme,34,cliente.co,1979
1453,Sofia Morales 1453,Educacion,14,gmail.com,1974
1454,Andres Lopez 1454,Pyme,21,cliente.co,1996
1455,Valentina Torres 1455,Corporativo,11,contoso.com,1979
1456,Carlos Garcia 1456,Educacion,9,outlook.com,2002
1457,Maria Martinez 1457,Educacion,22,empresa.com,1982
1458,Camila Vargas 1458,Educacion,6,gmail.com,1983
1459,Andres Morales 1459,Corporativo,27,fabrikam.com,1994
1460,Laura Castro 1460,Gobierno,9,fabrikam.com,1968
1461,Jorge Sanchez 1461,Gobierno,18,outlook.com,1980
1462,Felipe Ramirez 1462,Corporativo,31,contoso.com,1977
1463,Valentina Martinez 1463,Pyme,10,cliente.co,1980
1464,Felipe Perez 1464,Retail,14,gmail.com,1995
1465,Jorge Lopez 1465,Gobierno,34,fabrikam.com,1990
1466,Carlos Garcia 1466,Pyme,21,contoso.com,1961
1467,Jorge Ramirez 1467,Gobierno,14,outlook.com,1990
1468,Felipe Rodriguez 1468,Corporativo,23,fabrikam.com,1998
1469,Camila Rojas 1469,Pyme,7,gmail.com,1996
1470,Andres Castro 1470,Corporativo,11,gmail.com,1991
1471,Maria Lopez 1471,Retail,31,outlook.com,1973
1472,Camila Vargas 1472,Educacion,22,fabrikam.com,1970
1473,Maria Torres 1473,Corporativo,29,fabrikam.com,1982
1474,Isabella Castro 1474,Corporativo,1,cliente.co,1977
1475,Daniela Lopez 1475,Gobierno,3,cliente.co,1991
1476,Jorge Rojas 1476,Educacion,5,contoso.com,1997
1477,Isabella Rodriguez 1477,Corporativo,1,contoso.com,1991
1478,Diego Vargas 1478,Educacion,24,cliente.co,1967
1479,Juan Morales 1479,Retail,3,empresa.com,2001
1480,Ana Vargas 1480,Pyme,10,contoso.com,1963
1481,Felipe Morales 1481,Corporativo,27,cliente.co,1988
1482,Diego Castro 1482,Educacion,18,empresa.com,1969
1483,Ana Morales 1483,Retail,20,empresa.com,1966
1484,Laura Diaz 1484,Educacion,11,cliente.co,1973
1485,Felipe Rodriguez 1485,Corporativo,24,cliente.co,1967
1486,Pedro Morales 1486,Corporativo,13,empresa.com,1988
1487,Pedro Rodriguez 1487,Corporativo,15,gmail.com,2002
1488,Miguel Gomez 1488,Corporativo,25,fabrikam.com,1979
1489,Juan Gomez 1489,Gobierno,29,empresa.com,1987
1490,Jorge Garcia 1490,Retail,11,empresa.com,1974
1491,Valentina Rojas 1491,Gobierno,11,outlook.com,1995
1492,Isabella Martinez 1492,Corporativo,30,contoso.com,1980
1493,Isabella Morales 1493,Gobierno,1,contoso.com,2002
1494,Miguel Ramirez 1494,Pyme,23,cliente.co,1961
1495,Andres Lopez 1495,Educacion,34,contoso.com,1966
1496,Andres Perez 1496,Retail,23,contoso.com,1974
1497,Laura Lopez 1497,Gobierno,11,empresa.com,2000
1498,Daniela Castro 1498,Pyme,29,fabrikam.com,1969
1499,Carlos Diaz 1499,Educacion,6,fabrikam.com,2001
1500,Andres Martinez 1500,Pyme,25,contoso.com,1987
1501,Maria Sanchez 1501,Corporativo,1,outlook.com,1975
1502,Diego Martinez 1502,Corporativo,9,empresa.com,1999
1503,Felipe Morales 1503,Gobierno,21,fabrikam.com,1998
1504,Sofia Vargas 1504,Educacion,1,contoso.com,1982
1505,Laura Morales 1505,Gobierno,12,outlook.com,1966
1506,Juan Vargas 1506,Retail,34,outlook.com,1980
1507,Maria Diaz 1507,Pyme,1,cliente.co,1969
1508,Felipe Sanchez 1508,Pyme,9,fabrikam.com,1984
1509,Pedro Perez 1509,Corporativo,1,outlook.com,1982
1510,Isabella Perez 1510,Pyme,9,empresa.com,1986
1511,Camila Castro 1511,Retail,7,outlook.com,1989
1512,Maria Martinez 1512,Gobierno,11,cliente.co,1964
1513,Daniela Rojas 1513,Gobierno,30,contoso.com,1993
1514,Felipe Sanchez 1514,Pyme,8,empresa.com,1987
1515,Miguel Morales 1515,Educacion,24,gmail.com,1994
1516,Miguel Ramirez 1516,Gobierno,14,gmail.com,1975
1517,Valentina Diaz 1517,Educacion,18,fabrikam.com,2001
1518,Pedro Sanchez 1518,Corporativo,17,contoso.com,2003
1519,Camila Gomez 1519,Educacion,27,outlook.com,1977
1520,Diego Diaz 1520,Educacion,4,contoso.com,1966
1521,Carlos Vargas 1521,Pyme,14,fabrikam.com,1990
1522,Valentina Morales 1522,Pyme,16,gmail.com,1969
1523,Camila Rojas 1523,Gobierno,27,gmail.com,1993
1524,Camila Torres 1524,Gobierno,8,gmail.com,1972
1525,Andres Castro 1525,Educacion,6,fabrikam.com,1995
1526,Andres Sanchez 1526,Educacion,10,outlook.com,1985
1527,Felipe Rojas 1527,Gobierno,22,empresa.com,1974
1528,Juan Sanchez 1528,Corporativo,24,outlook.com,1960
1529,Isabella Ramirez 1529,Educacion,7,contoso.com,1992
1530,Laura Castro 1530,Retail,22,fabrikam.com,1989
1531,Juan Diaz 1531,Gobierno,13,empresa.com,1964
1532,Daniela Martinez 1532,Retail,4,outlook.com,1970
1533,Pedro Lopez 1533,Corporativo,20,fabrikam.com,1961
1534,Miguel Rojas 1534,Corporativo,3,empresa.com,1967
1535,Isabella Rodriguez 1535,Retail,21,fabrikam.com,1993
1536,Isabella Lopez 1536,Educacion,9,fabrikam.com,1986
1537,Laura Martinez 1537,Pyme,18,contoso.com,1966
1538,Isabella Rodriguez 1538,Retail,18,outlook.com,1978
1539,Laura Lopez 1539,Retail,5,gmail.com,1980
1540,Sofia Sanchez 1540,Corporativo,31,empresa.com,1996
1541,Pedro Vargas 1541,Retail,18,gmail.com,1968
1542,Sofia Morales 1542,Educacion,7,empresa.com,1987
1543,Isabella Gomez 1543,Gobierno,32,cliente.co,1992
1544,Daniela Ramirez 1544,Pyme,28,cliente.co,1995
1545,Juan Perez 1545,Corporativo,34,gmail.com,1968
1546,Sofia Torres 1546,Retail,29,cliente.co,1985
1547,Jorge Gomez 1547,Pyme,34,cliente.co,1989
1548,Carlos Ramirez 1548,Pyme,9,empresa.com,1979
1549,Andres Morales 1549,Retail,27,cliente.co,1997
1550,Carlos Lopez 1550,Educacion,29,fabrikam.com,1973
1551,Maria Garcia 1551,Educacion,4,outlook.com,1996
1552,Sofia Vargas 1552,Gobierno,21,cliente.co,1991
1553,Sofia Torres 1553,Gobierno,3,cliente.co,1999
1554,Sofia Torres 1554,Corporativo,6,empresa.com,1986
1555,Pedro Torres 1555,Corporativo,15,cliente.co,1997
1556,Juan Perez 1556,Corporativo,6,gmail.com,1966
1557,Jorge Torres 1557,Retail,34,empresa.com,1991
1558,Camila Sanchez 1558,Educacion,1,outlook.com,1986
1559,Jorge Diaz 1559,Pyme,17,fabrikam.com,1991
1560,Laura Rodriguez 1560,Gobierno,5,outlook.com,2002
1561,Sofia Perez 1561,Retail,6,empresa.com,1962
1562,Ana Torres 1562,Corporativo,3,cliente.co,1985
1563,Ana Vargas 1563,Pyme,26,contoso.com,1976
1564,Camila Garcia 1564,Pyme,30,cliente.co,1998
1565,Camila Ramirez 1565,Corporativo,19,fabrikam.com,1986
1566,Daniela Castro 1566,Educacion,30,fabrikam.com,1984
1567,Diego Vargas 1567,Corporativo,26,fabrikam.com,1995
1568,Camila Ramirez 1568,Pyme,17,outlook.com,1989
1569,Carlos Martinez 1569,Corporativo,2,empresa.com,1977
1570,Laura Torres 1570,Pyme,31,outlook.com,1962
1571,Juan Sanchez 1571,Pyme,5,cliente.co,1986
1572,Maria Vargas 1572,Gobierno,18,cliente.co,1989
1573,Valentina Rojas 1573,Pyme,15,cliente.co,1991
1574,Pedro Rojas 1574,Corporativo,1,contoso.com,1994
1575,Maria Rodriguez 1575,Corporativo,13,empresa.com,2003
1576,Juan Gomez 1576,Corporativo,29,empresa.com,1977
1577,Andres Gomez 1577,Pyme,17,fabrikam.com,1982
1578,Sofia Lopez 1578,Educacion,10,fabrikam.com,1993
1579,Sofia Garcia 1579,Gobierno,6,outlook.com,1990
1580,Daniela Castro 1580,Gobierno,28,empresa.com,2003
1581,Maria Torres 1581,Educacion,33,contoso.com,2003
1582,Diego Perez 1582,Retail,2,outlook.com,1962
1583,Maria Sanchez 1583,Pyme,32,cliente.co,1978
1584,Diego Martinez 1584,Retail,29,cliente.co,1972
1585,Juan Martinez 1585,Corporativo,19,outlook.com,1973
1586,Andres Ramirez 1586,Corporativo,8,gmail.com,1997
1587,Felipe Sanchez 1587,Pyme,33,contoso.com,2002
1588,Isabella Sanchez 1588,Corporativo,27,outlook.com,1974
1589,Felipe Morales 1589,Gobierno,18,fabrikam.com,1967
1590,Ana Ramirez 1590,Corporativo,17,gmail.com,1989
1591,Pedro Martinez 1591,Pyme,9,contoso.com,2003
1592,Juan Garcia 1592,Corporativo,1,contoso.com,1973
1593,Felipe Garcia 1593,Corporativo,3,fabrikam.com,1962
1594,Ana Vargas 1594,Gobierno,11,contoso.com,2003
1595,Diego Rodriguez 1595,Gobierno,19,empresa.com,1984
1596,Pedro Torres 1596,Gobierno,15,gmail.com,1964
1597,Maria Sanchez 1597,Educacion,20,cliente.co,1969
1598,Camila Morales 1598,Educacion,1,outlook.com,1987
1599,Andres Torres 1599,Educacion,17,cliente.co,2002
1600,Laura Diaz 1600,Retail,21,outlook.com,1997
1601,Maria Perez 1601,Corporativo,7,fabrikam.com,1983
1602,Valentina Perez 1602,Educacion,17,cliente.co,1965
1603,Laura Morales 1603,Gobierno,15,outlook.com,1971
1604,Diego Lopez 1604,Pyme,32,contoso.com,2000
1605,Juan Ramirez 1605,Retail,24,fabrikam.com,1986
1606,Laura Morales 1606,Gobierno,28,empresa.com,1970
1607,Sofia Sanchez 1607,Retail,33,fabrikam.com,1969
1608,Sofia Martinez 1608,Pyme,15,fabrikam.com,2002
1609,Maria Vargas 1609,Corporativo,24,fabrikam.com,1969
1610,Felipe Torres 1610,Gobierno,8,contoso.com,1975
1611,Camila Rojas 1611,Pyme,2,empresa.com,1991
1612,Miguel Sanchez 1612,Educacion,23,cliente.co,1970
1613,Laura Vargas 1613,Retail,31,gmail.com,1963
1614,Carlos Martinez 1614,Corporativo,2,gmail.com,1983
1615,Maria Sanchez 1615,Pyme,3,empresa.com,1989
1616,Camila Perez 1616,Gobierno,34,gmail.com,2001
1617,Andres Sanchez 1617,Pyme,6,fabrikam.com,1970
1618,Laura Rojas 1618,Educacion,21,gmail.com,1971
1619,Carlos Morales 1619,Retail,20,cliente.co,1960
1620,Isabella Lopez 1620,Educacion,2,cliente.co,1985
1621,Carlos Perez 1621,Retail,23,gmail.com,1976
1622,Pedro Gomez 1622,Pyme,15,outlook.com,2000
1623,Felipe Martinez 1623,Retail,21,cliente.co,1974
1624,Valentina Castro 1624,Retail,4,cliente.co,2003
1625,Miguel Lopez 1625,Gobierno,9,gmail.com,1977
1626,Andres Torres 1626,Retail,17,cliente.co,1996
1627,Carlos Perez 1627,Corporativo,33,cliente.co,1975
1628,Andres Perez 1628,Retail,30,contoso.com,1981
1629,Juan Garcia 1629,Gobierno,13,fabrikam.com,1976
1630,Daniela Torres 1630,Corporativo,32,contoso.com,1989
1631,Sofia Torres 1631,Corporativo,11,fabrikam.com,1970
1632,Diego Garcia 1632,Corporativo,17,gmail.com,1972
1633,Laura Rodriguez 1633,Corporativo,33,fabrikam.com,1970
1634,Sofia Lopez 1634,Pyme,33,outlook.com,1989
1635,Jorge Ramirez 1635,Educacion,12,contoso.com,1976
1636,Miguel Torres 1636,Corporativo,5,fabrikam.com,1963
1637,Sofia Rojas 1637,Pyme,11,contoso.com,1988
1638,Pedro Torres 1638,Corporativo,27,outlook.com,1982
1639,Jorge Perez 1639,Corporativo,29,contoso.com,1960
1640,Felipe Ramirez 1640,Retail,17,gmail.com,1995
1641,Felipe Rodriguez 1641,Educacion,30,gmail.com,1966
1642,Diego Ramirez 1642,Retail,27,fabrikam.com,1995
1643,Camila Lopez 1643,Pyme,34,empresa.com,1977
1644,Valentina Vargas 1644,Educacion,7,outlook.com,1987
1645,Laura Perez 1645,Gobierno,33,empresa.com,1969
1646,Felipe Lopez 1646,Retail,26,outlook.com,1975
1647,Sofia Vargas 1647,Gobierno,14,gmail.com,1981
1648,Isabella Garcia 1648,Educacion,5,outlook.com,1986
1649,Felipe Garcia 1649,Retail,5,contoso.com,1982
1650,Andres Rojas 1650,Retail,25,empresa.com,1977
1651,Carlos Diaz 1651,Educacion,12,outlook.com,1964
1652,Isabella Ramirez 1652,Retail,14,contoso.com,1995
1653,Juan Sanchez 1653,Educacion,16,fabrikam.com,1970
1654,Sofia Torres 1654,Corporativo,33,outlook.com,1998
1655,Daniela Castro 1655,Gobierno,8,cliente.co,1982
1656,Jorge Diaz 1656,Educacion,10,gmail.com,2002
1657,Pedro Vargas 1657,Corporativo,9,outlook.com,1996
1658,Diego Garcia 1658,Retail,6,contoso.com,1980
1659,Jorge Vargas 1659,Educacion,2,empresa.com,1975
1660,Isabella Rojas 1660,Pyme,18,empresa.com,1967
1661,Laura Vargas 1661,Retail,7,contoso.com,2000
1662,Andres Ramirez 1662,Gobierno,3,fabrikam.com,1967
1663,Diego Rodriguez 1663,Educacion,6,empresa.com,1989
1664,Juan Martinez 1664,Corporativo,6,empresa.com,1995
1665,Felipe Martinez 1665,Corporativo,21,empresa.com,1997
1666,Sofia Rodriguez 1666,Pyme,8,gmail.com,2001
1667,Valentina Garcia 1667,Educacion,23,gmail.com,1964
1668,Jorge Sanchez 1668,Educacion,30,gmail.com,1960
1669,Juan Sanchez 1669,Gobierno,17,outlook.com,1961
1670,Laura Lopez 1670,Retail,13,fabrikam.com,1966
1671,Jorge Garcia 1671,Pyme,3,contoso.com,1996
1672,Jorge Vargas 1672,Gobierno,15,gmail.com,1991
1673,Juan Castro 1673,Retail,34,fabrikam.com,1992
1674,Maria Torres 1674,Gobierno,30,fabrikam.com,1990
1675,Isabella Rojas 1675,Retail,5,fabrikam.com,1987
1676,Pedro Rodriguez 1676,Pyme,10,gmail.com,1974
1677,Diego Rodriguez 1677,Gobierno,11,outlook.com,2003
1678,Valentina Rojas 1678,Gobierno,19,fabrikam.com,1976
1679,Maria Garcia 1679,Pyme,12,empresa.com,1996
1680,Juan Gomez 1680,Gobierno,2,outlook.com,1978
1681,Pedro Torres 1681,Gobierno,7,outlook.com,1995
1682,Isabella Lopez 1682,Educacion,25,fabrikam.com,1970
1683,Andres Perez 1683,Gobierno,25,empresa.com,1993
1684,Diego Morales 1684,Pyme,8,contoso.com,1976
1685,Ana Lopez 1685,Educacion,26,gmail.com,1964
1686,Valentina Rodriguez 1686,Gobierno,4,empresa.com,2002
1687,Daniela Martinez 1687,Corporativo,34,fabrikam.com,1978
1688,Ana Lopez 1688,Gobierno,23,contoso.com,1963
1689,Felipe Ramirez 1689,Gobierno,14,contoso.com,1969
1690,Carlos Sanchez 1690,Gobierno,34,contoso.com,1967
1691,Sofia Gomez 1691,Gobierno,32,empresa.com,1964
1692,Sofia Gomez 1692,Corporativo,29,fabrikam.com,1977
1693,Daniela Garcia 1693,Gobierno,7,contoso.com,1973
1694,Valentina Castro 1694,Retail,33,fabrikam.com,1970
1695,Andres Garcia 1695,Gobierno,25,gmail.com,1963
1696,Sofia Lopez 1696,Retail,27,contoso.com,1993
1697,Daniela Martinez 1697,Corporativo,25,cliente.co,1961
1698,Camila Garcia 1698,Gobierno,19,contoso.com,1997
1699,Felipe Rodriguez 1699,Retail,1,outlook.com,1964
1700,Pedro Morales 1700,Gobierno,18,empresa.com,1969
1701,Camila Martinez 1701,Retail,14,gmail.com,1994
1702,Daniela Sanchez 1702,Gobierno,5,empresa.com,2002
1703,Jorge Ramirez 1703,Retail,6,gmail.com,1976
1704,Ana Rodriguez 1704,Corporativo,8,gmail.com,1983
1705,Daniela Gomez 1705,Gobierno,30,outlook.com,1987
1706,Juan Gomez 1706,Retail,33,outlook.com,1979
1707,Diego Torres 1707,Pyme,19,empresa.com,1976
1708,Ana Gomez 1708,Corporativo,10,cliente.co,1980
1709,Andres Garcia 1709,Gobierno,16,empresa.com,1992
1710,Laura Ramirez 1710,Corporativo,29,outlook.com,1993
1711,Ana Garcia 1711,Pyme,6,cliente.co,1962
1712,Ana Diaz 1712,Gobierno,33,contoso.com,1998
1713,Camila Sanchez 1713,Pyme,5,empresa.com,1963
1714,Miguel Torres 1714,Gobierno,15,contoso.com,1996
1715,Jorge Rodriguez 1715,Educacion,33,fabrikam.com,1975
1716,Laura Morales 1716,Retail,28,cliente.co,1987
1717,Camila Rodriguez 1717,Educacion,20,cliente.co,1965
1718,Andres Martinez 1718,Retail,21,contoso.com,1980
1719,Carlos Perez 1719,Retail,31,contoso.com,1986
1720,Miguel Perez 1720,Corporativo,34,fabrikam.com,1986
1721,Camila Perez 1721,Pyme,28,contoso.com,1975
1722,Miguel Rodriguez 1722,Retail,26,fabrikam.com,1966
1723,Ana Perez 1723,Gobierno,23,gmail.com,1987
1724,Pedro Castro 1724,Pyme,6,outlook.com,1986
1725,Ana Ramirez 1725,Gobierno,25,fabrikam.com,1962
1726,Isabella Diaz 1726,Pyme,10,contoso.com,2000
1727,Isabella Torres 1727,Corporativo,7,empresa.com,1964
1728,Sofia Vargas 1728,Retail,4,cliente.co,1975
1729,Isabella Lopez 1729,Pyme,2,empresa.com,1972
1730,Pedro Castro 1730,Retail,8,gmail.com,1992
1731,Ana Perez 1731,Corporativo,31,cliente.co,1982
1732,Laura Lopez 1732,Gobierno,16,cliente.co,1993
1733,Valentina Rojas 1733,Retail,12,empresa.com,1975
1734,Juan Perez 1734,Retail,11,contoso.com,2002
1735,Camila Ramirez 1735,Corporativo,4,empresa.com,1982
1736,Camila Rojas 1736,Gobierno,11,outlook.com,1967
1737,Daniela Diaz 1737,Pyme,20,outlook.com,2001
1738,Isabella Morales 1738,Corporativo,17,contoso.com,1964
1739,Diego Lopez 1739,Retail,14,cliente.co,1995
1740,Daniela Rojas 1740,Retail,6,gmail.com,1984
1741,Juan Sanchez 1741,Pyme,25,empresa.com,1969
1742,Juan Torres 1742,Gobierno,24,cliente.co,1978
1743,Valentina Morales 1743,Gobierno,26,contoso.com,1980
1744,Diego Vargas 1744,Educacion,32,fabrikam.com,1986
1745,Felipe Perez 1745,Pyme,19,outlook.com,1963
1746,Valentina Perez 1746,Pyme,24,gmail.com,1992
1747,Andres Morales 1747,Educacion,7,outlook.com,1979
1748,Jorge Garcia 1748,Pyme,16,gmail.com,2000
1749,Andres Morales 1749,Educacion,30,fabrikam.com,1988
1750,Felipe Martinez 1750,Retail,23,cliente.co,1965
1751,Pedro Rodriguez 1751,Educacion,5,gmail.com,1991
1752,Sofia Castro 1752,Pyme,8,outlook.com,1969
1753,Camila Diaz 1753,Educacion,7,cliente.co,1995
1754,Ana Morales 1754,Educacion,10,gmail.com,1991
1755,Diego Gomez 1755,Educacion,24,empresa.com,1991
1756,Felipe Rodriguez 1756,Corporativo,14,cliente.co,1981
1757,Juan Rojas 1757,Corporativo,28,outlook.com,1982
1758,Daniela Garcia 1758,Gobierno,25,cliente.co,1976
1759,Sofia Lopez 1759,Educacion,5,outlook.com,1983
1760,Carlos Morales 1760,Pyme,32,fabrikam.com,1978
1761,Camila Torres 1761,Gobierno,6,contoso.com,1994
1762,Maria Gomez 1762,Pyme,17,gmail.com,1980
1763,Felipe Sanchez 1763,Gobierno,20,cliente.co,1977
1764,Pedro Torres 1764,Gobierno,6,cliente.co,1995
1765,Laura Castro 1765,Educacion,5,outlook.com,1967
1766,Felipe Rodriguez 1766,Pyme,1,gmail.com,1964
1767,Isabella Rodriguez 1767,Retail,13,gmail.com,1991
1768,Sofia Castro 1768,Pyme,33,outlook.com,2002
1769,Pedro Martinez 1769,Gobierno,20,outlook.com,1964
1770,Maria Sanchez 1770,Gobierno,21,contoso.com,1976
1771,Daniela Gomez 1771,Retail,16,cliente.co,1993
1772,Andres Garcia 1772,Retail,5,contoso.com,1995
1773,Valentina Perez 1773,Gobierno,7,contoso.com,1981
1774,Isabella Castro 1774,Pyme,32,fabrikam.com,1993
1775,Ana Ramirez 1775,Retail,33,gmail.com,1985
1776,Valentina Martinez 1776,Retail,18,outlook.com,1998
1777,Pedro Castro 1777,Retail,6,empresa.com,1981
1778,Pedro Vargas 1778,Gobierno,15,fabrikam.com,2000
1779,Juan Vargas 1779,Pyme,5,gmail.com,1988
1780,Pedro Rodriguez 1780,Retail,32,fabrikam.com,2000
1781,Valentina Vargas 1781,Gobierno,28,gmail.com,1994
1782,Valentina Rojas 1782,Educacion,22,contoso.com,1982
1783,Laura Lopez 1783,Gobierno,4,gmail.com,1964
1784,Laura Torres 1784,Corporativo,10,gmail.com,1961
1785,Felipe Morales 1785,Educacion,22,cliente.co,1984
1786,Felipe Martinez 1786,Corporativo,2,empresa.com,1988
1787,Ana Vargas 1787,Corporativo,34,outlook.com,1988
1788,Miguel Gomez 1788,Educacion,12,outlook.com,1982
1789,Carlos Rodriguez 1789,Gobierno,16,outlook.com,2001
1790,Felipe Garcia 1790,Gobierno,21,gmail.com,1973
1791,Pedro Perez 1791,Gobierno,7,outlook.com,1984
1792,Felipe Castro 1792,Gobierno,16,contoso.com,2003
1793,Maria Lopez 1793,Corporativo,4,cliente.co,1997
1794,Carlos Vargas 1794,Retail,6,contoso.com,2002
1795,Andres Diaz 1795,Educacion,24,empresa.com,1997
1796,Camila Sanchez 1796,Educacion,30,empresa.com,1975
1797,Laura Rojas 1797,Retail,12,empresa.com,1998
1798,Diego Torres 1798,Gobierno,7,gmail.com,1979
1799,Pedro Gomez 1799,Retail,16,gmail.com,1982
1800,Laura Martinez 1800,Pyme,3,outlook.com,1971
1801,Valentina Ramirez 1801,Pyme,7,cliente.co,1963
1802,Andres Garcia 1802,Pyme,2,gmail.com,1996
1803,Andres Martinez 1803,Gobierno,2,outlook.com,1973
1804,Camila Castro 1804,Educacion,21,fabrikam.com,1968
1805,Laura Rodriguez 1805,Retail,16,outlook.com,1992
1806,Daniela Rodriguez 1806,Pyme,11,contoso.com,1968
1807,Pedro Garcia 1807,Gobierno,21,empresa.com,1979
1808,Juan Martinez 1808,Corporativo,22,empresa.com,1990
1809,Juan Vargas 1809,Corporativo,1,outlook.com,1967
1810,Laura Gomez 1810,Corporativo,24,cliente.co,1974
1811,Daniela Rodriguez 1811,Corporativo,13,empresa.com,1998
1812,Carlos Ramirez 1812,Corporativo,22,cliente.co,1990
1813,Jorge Ramirez 1813,Educacion,5,fabrikam.com,1969
1814,Juan Martinez 1814,Pyme,33,cliente.co,1979
1815,Laura Morales 1815,Corporativo,16,cliente.co,1995
1816,Sofia Diaz 1816,Retail,26,cliente.co,1989
1817,Laura Ramirez 1817,Retail,30,outlook.com,1970
1818,Sofia Rojas 1818,Corporativo,29,empresa.com,1961
1819,Valentina Lopez 1819,Retail,15,cliente.co,1969
1820,Diego Martinez 1820,Educacion,24,empresa.com,1999
1821,Miguel Martinez 1821,Gobierno,14,gmail.com,1983
1822,Miguel Morales 1822,Retail,9,outlook.com,1979
1823,Andres Torres 1823,Corporativo,4,contoso.com,2003
1824,Miguel Sanchez 1824,Gobierno,21,contoso.com,1998
1825,Andres Torres 1825,Gobierno,13,gmail.com,1965
1826,Camila Lopez 1826,Corporativo,13,fabrikam.com,1997
1827,Diego Lopez 1827,Pyme,22,cliente.co,1981
1828,Daniela Torres 1828,Retail,18,gmail.com,1971
1829,Camila Morales 1829,Corporativo,13,contoso.com,1987
1830,Diego Ramirez 1830,Pyme,19,gmail.com,1992
1831,Pedro Perez 1831,Retail,23,fabrikam.com,1976
1832,Valentina Rodriguez 1832,Retail,3,cliente.co,1971
1833,Pedro Martinez 1833,Educacion,30,fabrikam.com,1983
1834,Jorge Martinez 1834,Corporativo,8,outlook.com,1991
1835,Ana Rojas 1835,Gobierno,22,gmail.com,1981
1836,Miguel Rodriguez 1836,Educacion,18,gmail.com,1993
1837,Miguel Vargas 1837,Pyme,16,fabrikam.com,1990
1838,Andres Rojas 1838,Retail,20,fabrikam.com,2002
1839,Miguel Vargas 1839,Retail,34,contoso.com,1966
1840,Isabella Rojas 1840,Gobierno,27,cliente.co,1979
1841,Valentina Sanchez 1841,Gobierno,20,fabrikam.com,1996
1842,Miguel Morales 1842,Retail,18,gmail.com,2003
1843,Camila Morales 1843,Pyme,8,gmail.com,1997
1844,Felipe Gomez 1844,Retail,14,gmail.com,1979
1845,Pedro Torres 1845,Retail,6,cliente.co,1961
1846,Miguel Lopez 1846,Pyme,12,empresa.com,1968
1847,Maria Torres 1847,Pyme,24,fabrikam.com,1976
1848,Juan Gomez 1848,Pyme,20,cliente.co,1989
1849,Laura Castro 1849,Corporativo,8,gmail.com,1972
1850,Diego Torres 1850,Educacion,8,contoso.com,1981
1851,Valentina Torres 1851,Corporativo,26,gmail.com,1982
1852,Jorge Vargas 1852,Corporativo,34,outlook.com,1969
1853,Carlos Sanchez 1853,Gobierno,29,cliente.co,1962
1854,Pedro Sanchez 1854,Retail,32,contoso.com,1997
1855,Camila Vargas 1855,Retail,28,gmail.com,1990
1856,Carlos Martinez 1856,Gobierno,12,contoso.com,1991
1857,Laura Perez 1857,Pyme,30,contoso.com,1999
1858,Pedro Sanchez 1858,Retail,14,outlook.com,1992
1859,Sofia Rojas 1859,Educacion,7,cliente.co,1967
1860,Maria Diaz 1860,Corporativo,25,gmail.com,1977
1861,Miguel Morales 1861,Corporativo,15,empresa.com,1998
1862,Carlos Vargas 1862,Corporativo,28,fabrikam.com,1990
1863,Laura Lopez 1863,Retail,23,fabrikam.com,2003
1864,Valentina Gomez 1864,Educacion,2,fabrikam.com,1969
1865,Daniela Rojas 1865,Educacion,28,outlook.com,1976
1866,Camila Martinez 1866,Educacion,24,empresa.com,1992
1867,Andres Garcia 1867,Corporativo,7,contoso.com,1975
1868,Laura Martinez 1868,Retail,7,fabrikam.com,1962
1869,Pedro Lopez 1869,Pyme,24,contoso.com,2001
1870,Jorge Morales 1870,Gobierno,22,fabrikam.com,1982
1871,Sofia Rojas 1871,Pyme,30,cliente.co,1996
1872,Sofia Castro 1872,Pyme,4,empresa.com,1966
1873,Ana Torres 1873,Gobierno,20,outlook.com,1997
1874,Isabella Gomez 1874,Retail,27,contoso.com,1968
1875,Miguel Perez 1875,Retail,26,gmail.com,1981
1876,Miguel Gomez 1876,Educacion,20,outlook.com,1977
1877,Valentina Castro 1877,Gobierno,12,gmail.com,1984
1878,Jorge Vargas 1878,Pyme,24,fabrikam.com,1974
1879,Ana Gomez 1879,Pyme,14,contoso.com,1966
1880,Diego Martinez 1880,Retail,6,fabrikam.com,1994
1881,Jorge Diaz 1881,Corporativo,28,cliente.co,1999
1882,Camila Rojas 1882,Educacion,31,gmail.com,1991
1883,Diego Ramirez 1883,Educacion,8,gmail.com,1989
1884,Felipe Vargas 1884,Retail,5,gmail.com,1988
1885,Maria Garcia 1885,Educacion,20,outlook.com,2001
1886,Miguel Rodriguez 1886,Educacion,24,contoso.com,1990
1887,Ana Castro 1887,Educacion,33,fabrikam.com,1993
1888,Sofia Lopez 1888,Retail,10,gmail.com,1998
1889,Juan Rodriguez 1889,Retail,17,contoso.com,1994
1890,Camila Rojas 1890,Pyme,29,outlook.com,1986
1891,Isabella Perez 1891,Educacion,31,cliente.co,1983
1892,Laura Morales 1892,Corporativo,5,empresa.com,1982
1893,Daniela Rodriguez 1893,Educacion,33,outlook.com,1988
1894,Isabella Diaz 1894,Educacion,23,contoso.com,1970
1895,Pedro Rodriguez 1895,Gobierno,4,cliente.co,2001
1896,Andres Torres 1896,Educacion,19,empresa.com,1976
1897,Sofia Rodriguez 1897,Corporativo,26,empresa.com,1995
1898,Diego Ramirez 1898,Pyme,28,contoso.com,1979
1899,Valentina Martinez 1899,Educacion,11,gmail.com,1963
1900,Daniela Garcia 1900,Corporativo,26,fabrikam.com,1971
1901,Felipe Castro 1901,Retail,22,empresa.com,1970
1902,Daniela Rojas 1902,Pyme,25,cliente.co,1966
1903,Laura Diaz 1903,Educacion,25,cliente.co,1993
1904,Camila Rojas 1904,Gobierno,16,cliente.co,1985
1905,Jorge Lopez 1905,Educacion,10,outlook.com,1998
1906,Camila Gomez 1906,Corporativo,19,empresa.com,1983
1907,Carlos Vargas 1907,Retail,17,contoso.com,1961
1908,Ana Lopez 1908,Gobierno,34,cliente.co,1970
1909,Sofia Lopez 1909,Educacion,25,contoso.com,1999
1910,Pedro Garcia 1910,Gobierno,10,cliente.co,1975
1911,Camila Lopez 1911,Retail,18,cliente.co,2001
1912,Juan Morales 1912,Educacion,23,gmail.com,1986
1913,Ana Garcia 1913,Corporativo,11,empresa.com,1987
1914,Valentina Vargas 1914,Corporativo,32,cliente.co,1996
1915,Felipe Morales 1915,Gobierno,15,cliente.co,1990
1916,Maria Torres 1916,Retail,19,gmail.com,1967
1917,Juan Castro 1917,Gobierno,2,gmail.com,1984
1918,Andres Lopez 1918,Corporativo,19,outlook.com,1972
1919,Sofia Rodriguez 1919,Pyme,33,gmail.com,1973
1920,Jorge Ramirez 1920,Retail,5,fabrikam.com,1993
1921,Andres Gomez 1921,Pyme,28,fabrikam.com,1985
1922,Carlos Ramirez 1922,Pyme,32,empresa.com,1976
1923,Diego Garcia 1923,Gobierno,20,empresa.com,2003
1924,Ana Rojas 1924,Pyme,21,fabrikam.com,2001
1925,Camila Castro 1925,Educacion,8,cliente.co,1982
1926,Jorge Ramirez 1926,Retail,20,outlook.com,1999
1927,Diego Martinez 1927,Pyme,4,cliente.co,1966
1928,Maria Rodriguez 1928,Retail,23,empresa.com,1981
1929,Camila Castro 1929,Retail,22,outlook.com,1963
1930,Sofia Martinez 1930,Educacion,17,empresa.com,1977
1931,Maria Perez 1931,Retail,33,fabrikam.com,1998
1932,Ana Torres 1932,Pyme,16,gmail.com,1988
1933,Jorge Morales 1933,Gobierno,28,contoso.com,1978
1934,Laura Garcia 1934,Educacion,7,outlook.com,1996
1935,Pedro Morales 1935,Corporativo,18,gmail.com,2003
1936,Camila Torres 1936,Retail,17,empresa.com,2003
1937,Daniela Garcia 1937,Educacion,19,contoso.com,1966
1938,Pedro Torres 1938,Gobierno,26,outlook.com,1965
1939,Valentina Castro 1939,Educacion,10,empresa.com,1972
1940,Isabella Castro 1940,Educacion,14,cliente.co,1980
1941,Ana Sanchez 1941,Educacion,9,fabrikam.com,1994
1942,Daniela Perez 1942,Retail,33,cliente.co,1990
1943,Ana Garcia 1943,Pyme,4,gmail.com,1995
1944,Pedro Garcia 1944,Gobierno,4,empresa.com,1963
1945,Juan Rodriguez 1945,Corporativo,24,gmail.com,1992
1946,Juan Diaz 1946,Pyme,15,gmail.com,1964
1947,Laura Diaz 1947,Pyme,33,fabrikam.com,1965
1948,Sofia Martinez 1948,Retail,31,empresa.com,2000
1949,Carlos Sanchez 1949,Pyme,19,empresa.com,1987
1950,Andres Perez 1950,Retail,4,empresa.com,1961
1951,Andres Rojas 1951,Corporativo,31,cliente.co,1987
1952,Sofia Rodriguez 1952,Corporativo,33,cliente.co,1981
1953,Daniela Rodriguez 1953,Corporativo,5,cliente.co,1998
1954,Carlos Ramirez 1954,Educacion,32,cliente.co,1985
1955,Juan Perez 1955,Pyme,21,empresa.com,1960
1956,Pedro Diaz 1956,Pyme,5,contoso.com,1962
1957,Ana Rodriguez 1957,Gobierno,13,fabrikam.com,1960
1958,Camila Castro 1958,Pyme,21,gmail.com,1970
1959,Pedro Ramirez 1959,Gobierno,18,empresa.com,1979
1960,Laura Perez 1960,Pyme,24,outlook.com,1988
1961,Sofia Sanchez 1961,Corporativo,20,fabrikam.com,1981
1962,Juan Castro 1962,Corporativo,19,gmail.com,1968
1963,Sofia Diaz 1963,Pyme,27,outlook.com,1977
1964,Valentina Sanchez 1964,Corporativo,19,empresa.com,1987
1965,Sofia Lopez 1965,Educacion,27,fabrikam.com,1977
1966,Camila Lopez 1966,Corporativo,8,outlook.com,1974
1967,Jorge Vargas 1967,Pyme,32,gmail.com,1989
1968,Pedro Garcia 1968,Gobierno,8,gmail.com,1990
1969,Diego Perez 1969,Corporativo,33,contoso.com,1980
1970,Diego Torres 1970,Retail,30,empresa.com,1978
1971,Camila Castro 1971,Retail,8,gmail.com,1961
1972,Isabella Garcia 1972,Retail,21,empresa.com,1984
1973,Maria Lopez 1973,Educacion,10,fabrikam.com,1973
1974,Andres Lopez 1974,Corporativo,32,outlook.com,1996
1975,Daniela Rojas 1975,Corporativo,7,gmail.com,1988
1976,Pedro Diaz 1976,Retail,4,cliente.co,1969
1977,Valentina Rojas 1977,Educacion,5,empresa.com,1995
1978,Andres Rodriguez 1978,Gobierno,26,contoso.com,1986
1979,Carlos Sanchez 1979,Educacion,33,contoso.com,1990
1980,Carlos Sanchez 1980,Gobierno,14,gmail.com,1965
1981,Sofia Diaz 1981,Pyme,6,gmail.com,1970
1982,Carlos Diaz 1982,Gobierno,6,outlook.com,1972
1983,Camila Ramirez 1983,Educacion,1,outlook.com,2002
1984,Sofia Martinez 1984,Pyme,24,contoso.com,1979
1985,Daniela Sanchez 1985,Retail,10,outlook.com,1993
1986,Carlos Martinez 1986,Gobierno,30,gmail.com,1997
1987,Diego Perez 1987,Pyme,31,contoso.com,1980
1988,Miguel Ramirez 1988,Educacion,15,outlook.com,1981
1989,Ana Martinez 1989,Educacion,19,outlook.com,2000
1990,Valentina Lopez 1990,Pyme,31,contoso.com,1981
1991,Isabella Vargas 1991,Educacion,11,outlook.com,1991
1992,Carlos Perez 1992,Corporativo,19,outlook.com,1988
1993,Laura Garcia 1993,Educacion,30,contoso.com,1969
1994,Valentina Diaz 1994,Retail,23,empresa.com,1974
1995,Juan Lopez 1995,Corporativo,16,contoso.com,1988
1996,Sofia Perez 1996,Educacion,14,empresa.com,1991
1997,Miguel Torres 1997,Educacion,12,empresa.com,1974
1998,Daniela Morales 1998,Educacion,4,fabrikam.com,1964
1999,Sofia Vargas 1999,Retail,1,gmail.com,2003
2000,Andres Torres 2000,Educacion,15,empresa.com,1985
2001,Laura Diaz 2001,Pyme,25,fabrikam.com,1965
2002,Isabella Rojas 2002,Corporativo,16,fabrikam.com,1971
2003,Sofia Ramirez 2003,Educacion,27,outlook.com,1969
2004,Pedro Perez 2004,Educacion,9,gmail.com,2003
2005,Andres Rojas 2005,Pyme,13,cliente.co,1975
2006,Andres Torres 2006,Corporativo,11,outlook.com,1966
2007,Valentina Gomez 2007,Pyme,9,fabrikam.com,1978
2008,Felipe Garcia 2008,Educacion,19,fabrikam.com,1978
2009,Andres Torres 2009,Pyme,26,fabrikam.com,1999
2010,Jorge Diaz 2010,Educacion,21,cliente.co,1960
2011,Camila Rodriguez 2011,Pyme,31,gmail.com,1975
2012,Jorge Gomez 2012,Retail,1,fabrikam.com,1995
2013,Camila Vargas 2013,Educacion,28,cliente.co,1970
2014,Jorge Torres 2014,Gobierno,34,contoso.com,1973
2015,Carlos Gomez 2015,Gobierno,33,gmail.com,1976
2016,Miguel Ramirez 2016,Educacion,30,empresa.com,1980
2017,Miguel Martinez 2017,Gobierno,12,empresa.com,1991
2018,Valentina Ramirez 2018,Retail,32,outlook.com,1966
2019,Camila Vargas 2019,Corporativo,23,outlook.com,1993
2020,Isabella Rodriguez 2020,Corporativo,23,cliente.co,1973
2021,Sofia Castro 2021,Pyme,34,contoso.com,1987
2022,Valentina Diaz 2022,Retail,12,cliente.co,1972
2023,Sofia Diaz 2023,Corporativo,20,gmail.com,1970
2024,Juan Rodriguez 2024,Retail,16,cliente.co,1991
2025,Carlos Martinez 2025,Corporativo,29,contoso.com,2000
2026,Valentina Rojas 2026,Corporativo,13,outlook.com,1992
2027,Carlos Martinez 2027,Educacion,17,fabrikam.com,1966
2028,Camila Ramirez 2028,Gobierno,28,gmail.com,1963
2029,Daniela Vargas 2029,Retail,7,cliente.co,1995
2030,Andres Castro 2030,Gobierno,30,cliente.co,1981
2031,Maria Sanchez 2031,Gobierno,15,empresa.com,1979
2032,Valentina Garcia 2032,Retail,3,fabrikam.com,1965
2033,Pedro Diaz 2033,Corporativo,14,outlook.com,1975
2034,Sofia Gomez 2034,Pyme,5,outlook.com,1977
2035,Andres Lopez 2035,Educacion,2,cliente.co,1964
2036,Andres Castro 2036,Corporativo,20,contoso.com,1966
2037,Ana Garcia 2037,Corporativo,7,outlook.com,1963
2038,Juan Castro 2038,Educacion,11,contoso.com,1973
2039,Pedro Morales 2039,Retail,33,fabrikam.com,1980
2040,Felipe Sanchez 2040,Retail,6,gmail.com,1964
2041,Juan Rodriguez 2041,Corporativo,23,empresa.com,1999
2042,Isabella Perez 2042,Retail,33,fabrikam.com,1968
2043,Ana Gomez 2043,Gobierno,19,cliente.co,1984
2044,Pedro Gomez 2044,Pyme,16,contoso.com,1997
2045,Maria Rodriguez 2045,Pyme,21,gmail.com,1960
2046,Miguel Sanchez 2046,Gobierno,20,contoso.com,1979
2047,Diego Diaz 2047,Educacion,12,gmail.com,1962
2048,Daniela Rojas 2048,Educacion,14,cliente.co,1969
2049,Sofia Rodriguez 2049,Gobierno,21,outlook.com,1962
2050,Jorge Ramirez 2050,Educacion,26,cliente.co,1999
2051,Andres Sanchez 2051,Pyme,20,contoso.com,1974
2052,Diego Garcia 2052,Pyme,14,fabrikam.com,1983
2053,Ana Gomez 2053,Corporativo,6,cliente.co,1984
2054,Felipe Martinez 2054,Retail,17,fabrikam.com,1989
2055,Felipe Morales 2055,Gobierno,20,empresa.com,1984
2056,Felipe Rodriguez 2056,Gobierno,34,outlook.com,1978
2057,Carlos Rodriguez 2057,Gobierno,1,gmail.com,1965
2058,Camila Perez 2058,Corporativo,23,cliente.co,1967
2059,Maria Lopez 2059,Gobierno,32,contoso.com,1963
2060,Andres Gomez 2060,Educacion,25,gmail.com,1974
2061,Ana Diaz 2061,Retail,15,contoso.com,1980
2062,Sofia Perez 2062,Corporativo,34,empresa.com,1970
2063,Juan Lopez 2063,Retail,23,outlook.com,1990
2064,Daniela Gomez 2064,Gobierno,15,outlook.com,1979
2065,Carlos Diaz 2065,Retail,25,gmail.com,1996
2066,Isabella Morales 2066,Educacion,16,fabrikam.com,1989
2067,Sofia Castro 2067,Educacion,9,contoso.com,1960
2068,Sofia Martinez 2068,Retail,12,empresa.com,1993
2069,Jorge Martinez 2069,Gobierno,30,outlook.com,1973
2070,Diego Torres 2070,Retail,2,cliente.co,2002
2071,Camila Sanchez 2071,Educacion,23,cliente.co,1969
2072,Felipe Perez 2072,Retail,29,contoso.com,1992
2073,Laura Perez 2073,Educacion,10,fabrikam.com,1991
2074,Pedro Perez 2074,Retail,10,contoso.com,1982
2075,Ana Ramirez 2075,Gobierno,10,gmail.com,1974
2076,Pedro Torres 2076,Gobierno,9,empresa.com,1988
2077,Laura Lopez 2077,Retail,8,empresa.com,1986
2078,Ana Rodriguez 2078,Pyme,7,contoso.com,1962
2079,Ana Martinez 2079,Pyme,12,contoso.com,1988
2080,Carlos Castro 2080,Retail,30,empresa.com,1964
2081,Pedro Vargas 2081,Retail,5,gmail.com,1985
2082,Andres Rojas 2082,Gobierno,8,cliente.co,1977
2083,Laura Martinez 2083,Retail,13,gmail.com,1990
2084,Daniela Castro 2084,Corporativo,16,fabrikam.com,1968
2085,Miguel Lopez 2085,Corporativo,1,fabrikam.com,1972
2086,Daniela Lopez 2086,Retail,18,fabrikam.com,1965
2087,Pedro Gomez 2087,Educacion,20,cliente.co,1961
2088,Pedro Rodriguez 2088,Retail,16,contoso.com,1963
2089,Daniela Morales 2089,Corporativo,16,gmail.com,1991
2090,Carlos Vargas 2090,Gobierno,34,cliente.co,1966
2091,Sofia Morales 2091,Pyme,4,fabrikam.com,1997
2092,Miguel Torres 2092,Corporativo,33,fabrikam.com,1986
2093,Valentina Lopez 2093,Gobierno,12,contoso.com,1980
2094,Maria Castro 2094,Pyme,3,outlook.com,1966
2095,Jorge Castro 2095,Educacion,24,empresa.com,1966
2096,Jorge Vargas 2096,Gobierno,28,empresa.com,1986
2097,Diego Garcia 2097,Retail,25,outlook.com,1967
2098,Camila Garcia 2098,Pyme,9,fabrikam.com,1987
2099,Carlos Torres 2099,Educacion,4,fabrikam.com,1975
2100,Ana Morales 2100,Educacion,20,outlook.com,1963
2101,Carlos Torres 2101,Retail,19,cliente.co,1974
2102,Sofia Torres 2102,Pyme,16,outlook.com,1960
2103,Felipe Castro 2103,Pyme,11,contoso.com,1971
2104,Daniela Lopez 2104,Pyme,23,fabrikam.com,2003
2105,Andres Diaz 2105,Gobierno,32,empresa.com,1986
2106,Juan Torres 2106,Educacion,10,outlook.com,2003
2107,Jorge Lopez 2107,Educacion,6,empresa.com,1963
2108,Isabella Garcia 2108,Gobierno,29,outlook.com,2001
2109,Miguel Gomez 2109,Pyme,9,fabrikam.com,1986
2110,Sofia Rojas 2110,Pyme,29,fabrikam.com,1964
2111,Isabella Rodriguez 2111,Educacion,31,outlook.com,1965
2112,Daniela Martinez 2112,Corporativo,4,cliente.co,1988
2113,Jorge Perez 2113,Educacion,21,fabrikam.com,1985
2114,Jorge Perez 2114,Pyme,20,gmail.com,1985
2115,Jorge Lopez 2115,Educacion,21,cliente.co,1994
2116,Juan Rojas 2116,Educacion,14,contoso.com,1962
2117,Maria Gomez 2117,Pyme,31,outlook.com,1996
2118,Diego Lopez 2118,Retail,1,cliente.co,1979
2119,Felipe Lopez 2119,Retail,8,empresa.com,2000
2120,Miguel Gomez 2120,Gobierno,22,contoso.com,2003
2121,Camila Lopez 2121,Retail,5,fabrikam.com,1989
2122,Andres Ramirez 2122,Educacion,19,gmail.com,1996
2123,Isabella Martinez 2123,Pyme,14,gmail.com,1978
2124,Laura Vargas 2124,Educacion,31,gmail.com,1994
2125,Isabella Sanchez 2125,Pyme,18,fabrikam.com,1985
2126,Ana Gomez 2126,Educacion,23,fabrikam.com,1966
2127,Valentina Lopez 2127,Corporativo,7,gmail.com,1962
2128,Pedro Castro 2128,Retail,30,fabrikam.com,1994
2129,Juan Diaz 2129,Corporativo,15,outlook.com,1997
2130,Camila Martinez 2130,Educacion,17,cliente.co,2003
2131,Maria Ramirez 2131,Educacion,5,outlook.com,2002
2132,Isabella Torres 2132,Gobierno,21,fabrikam.com,1976
2133,Andres Garcia 2133,Corporativo,30,gmail.com,1979
2134,Diego Lopez 2134,Retail,12,outlook.com,1983
2135,Pedro Rodriguez 2135,Corporativo,32,outlook.com,1995
2136,Isabella Lopez 2136,Retail,23,gmail.com,1998
2137,Camila Castro 2137,Educacion,8,empresa.com,1997
2138,Felipe Rodriguez 2138,Educacion,16,gmail.com,1981
2139,Juan Martinez 2139,Educacion,15,outlook.com,1974
2140,Miguel Lopez 2140,Gobierno,29,empresa.com,1978
2141,Sofia Perez 2141,Educacion,17,gmail.com,2002
2142,Isabella Garcia 2142,Educacion,2,gmail.com,1991
2143,Ana Perez 2143,Gobierno,20,contoso.com,1999
2144,Diego Lopez 2144,Educacion,26,cliente.co,1977
2145,Felipe Vargas 2145,Educacion,19,fabrikam.com,1993
2146,Sofia Rojas 2146,Corporativo,29,cliente.co,1961
2147,Ana Castro 2147,Corporativo,2,cliente.co,1985
2148,Sofia Ramirez 2148,Gobierno,27,fabrikam.com,1999
2149,Andres Lopez 2149,Corporativo,29,cliente.co,2001
2150,Juan Garcia 2150,Corporativo,12,fabrikam.com,1962
2151,Miguel Rodriguez 2151,Pyme,27,fabrikam.com,1981
2152,Isabella Sanchez 2152,Retail,2,outlook.com,1971
2153,Camila Perez 2153,Corporativo,31,cliente.co,1976
2154,Diego Sanchez 2154,Gobierno,21,cliente.co,1995
2155,Daniela Morales 2155,Corporativo,8,cliente.co,1980
2156,Ana Perez 2156,Educacion,11,empresa.com,1992
2157,Laura Garcia 2157,Gobierno,19,gmail.com,1994
2158,Laura Ramirez 2158,Pyme,34,empresa.com,1990
2159,Diego Torres 2159,Pyme,26,gmail.com,1995
2160,Ana Martinez 2160,Gobierno,27,contoso.com,1972
2161,Juan Perez 2161,Gobierno,24,empresa.com,1987
2162,Valentina Garcia 2162,Corporativo,25,fabrikam.com,2002
2163,Jorge Gomez 2163,Gobierno,21,fabrikam.com,1993
2164,Laura Rodriguez 2164,Corporativo,1,fabrikam.com,1972
2165,Carlos Castro 2165,Gobierno,21,cliente.co,1973
2166,Pedro Vargas 2166,Retail,29,gmail.com,2000
2167,Jorge Diaz 2167,Gobierno,12,cliente.co,1963
2168,Sofia Lopez 2168,Educacion,30,contoso.com,2003
2169,Miguel Garcia 2169,Retail,11,gmail.com,1997
2170,Pedro Morales 2170,Retail,16,empresa.com,1978
2171,Maria Garcia 2171,Pyme,18,cliente.co,1980
2172,Laura Diaz 2172,Pyme,34,gmail.com,1970
2173,Juan Morales 2173,Educacion,23,contoso.com,1961
2174,Valentina Castro 2174,Gobierno,24,empresa.com,1969
2175,Carlos Vargas 2175,Educacion,6,cliente.co,1973
2176,Sofia Perez 2176,Pyme,1,outlook.com,1962
2177,Carlos Morales 2177,Educacion,15,cliente.co,1996
2178,Carlos Gomez 2178,Retail,11,fabrikam.com,1996
2179,Isabella Castro 2179,Pyme,12,contoso.com,1996
2180,Jorge Rojas 2180,Corporativo,29,outlook.com,1963
2181,Andres Garcia 2181,Educacion,16,cliente.co,1997
2182,Sofia Diaz 2182,Educacion,20,outlook.com,1983
2183,Diego Garcia 2183,Retail,14,outlook.com,1966
2184,Laura Vargas 2184,Educacion,21,cliente.co,1964
2185,Andres Diaz 2185,Corporativo,5,empresa.com,1960
2186,Isabella Diaz 2186,Pyme,22,contoso.com,1963
2187,Isabella Torres 2187,Retail,29,empresa.com,1968
2188,Isabella Rodriguez 2188,Pyme,30,cliente.co,2000
2189,Miguel Castro 2189,Gobierno,32,fabrikam.com,1981
2190,Camila Martinez 2190,Gobierno,17,gmail.com,1992
2191,Maria Rojas 2191,Pyme,20,outlook.com,1997
2192,Diego Diaz 2192,Educacion,6,contoso.com,1994
2193,Pedro Ramirez 2193,Pyme,7,fabrikam.com,1990
2194,Maria Diaz 2194,Gobierno,29,contoso.com,1963
2195,Laura Gomez 2195,Gobierno,29,cliente.co,1978
2196,Carlos Vargas 2196,Educacion,3,fabrikam.com,1991
2197,Carlos Morales 2197,Pyme,5,outlook.com,1970
2198,Sofia Ramirez 2198,Corporativo,15,empresa.com,1988
2199,Miguel Sanchez 2199,Retail,3,cliente.co,1981
2200,Andres Sanchez 2200,Corporativo,24,cliente.co,1963
2201,Juan Vargas 2201,Gobierno,31,outlook.com,1993
2202,Sofia Sanchez 2202,Pyme,30,cliente.co,1986
2203,Laura Perez 2203,Retail,15,contoso.com,1961
2204,Jorge Garcia 2204,Retail,20,fabrikam.com,1975
2205,Juan Gomez 2205,Retail,26,gmail.com,1968
2206,Sofia Vargas 2206,Gobierno,13,empresa.com,2003
2207,Diego Gomez 2207,Corporativo,25,gmail.com,1989
2208,Diego Lopez 2208,Pyme,3,fabrikam.com,1983
2209,Sofia Rojas 2209,Educacion,5,empresa.com,1986
2210,Daniela Rojas 2210,Educacion,14,fabrikam.com,2000
2211,Valentina Castro 2211,Retail,16,fabrikam.com,1997
2212,Laura Castro 2212,Corporativo,26,empresa.com,1986
2213,Andres Ramirez 2213,Corporativo,32,cliente.co,1993
2214,Valentina Sanchez 2214,Educacion,16,empresa.com,1970
2215,Miguel Rodriguez 2215,Pyme,30,cliente.co,1960
2216,Jorge Vargas 2216,Corporativo,7,cliente.co,1961
2217,Camila Ramirez 2217,Gobierno,5,outlook.com,1992
2218,Ana Perez 2218,Retail,18,gmail.com,1999
2219,Carlos Lopez 2219,Pyme,11,fabrikam.com,1961
2220,Pedro Rojas 2220,Pyme,5,empresa.com,1978
2221,Andres Lopez 2221,Educacion,2,outlook.com,1999
2222,Felipe Rojas 2222,Pyme,30,cliente.co,1976
2223,Maria Diaz 2223,Retail,8,cliente.co,1972
2224,Valentina Rodriguez 2224,Gobierno,22,gmail.com,1966
2225,Diego Diaz 2225,Pyme,25,cliente.co,2001
2226,Valentina Perez 2226,Corporativo,20,gmail.com,1997
2227,Valentina Diaz 2227,Corporativo,27,outlook.com,1973
2228,Daniela Vargas 2228,Educacion,25,contoso.com,1976
2229,Ana Perez 2229,Educacion,11,outlook.com,1988
2230,Pedro Rojas 2230,Retail,14,contoso.com,1973
2231,Miguel Lopez 2231,Corporativo,2,contoso.com,1985
2232,Valentina Perez 2232,Educacion,13,cliente.co,1992
2233,Diego Gomez 2233,Educacion,3,outlook.com,1977
2234,Valentina Torres 2234,Gobierno,19,outlook.com,1996
2235,Ana Ramirez 2235,Pyme,17,fabrikam.com,2002
2236,Diego Gomez 2236,Corporativo,11,contoso.com,1993
2237,Miguel Rodriguez 2237,Pyme,30,gmail.com,1996
2238,Pedro Lopez 2238,Retail,9,fabrikam.com,1994
2239,Pedro Torres 2239,Educacion,28,empresa.com,1974
2240,Jorge Martinez 2240,Educacion,32,contoso.com,1984
2241,Maria Garcia 2241,Pyme,17,gmail.com,1992
2242,Ana Lopez 2242,Corporativo,22,gmail.com,1975
2243,Ana Castro 2243,Educacion,4,fabrikam.com,1982
2244,Laura Ramirez 2244,Pyme,17,gmail.com,1992
2245,Felipe Rodriguez 2245,Gobierno,10,empresa.com,1984
2246,Sofia Castro 2246,Corporativo,31,fabrikam.com,1988
2247,Laura Garcia 2247,Pyme,29,gmail.com,1981
2248,Andres Morales 2248,Retail,7,contoso.com,1969
2249,Camila Diaz 2249,Retail,9,contoso.com,1992
2250,Camila Martinez 2250,Gobierno,6,fabrikam.com,1976
2251,Juan Rodriguez 2251,Retail,10,contoso.com,1996
2252,Isabella Diaz 2252,Retail,19,gmail.com,1989
2253,Laura Ramirez 2253,Retail,19,outlook.com,1989
2254,Jorge Rojas 2254,Pyme,23,contoso.com,1985
2255,Andres Garcia 2255,Corporativo,34,empresa.com,1978
2256,Felipe Sanchez 2256,Retail,16,cliente.co,1999
2257,Andres Diaz 2257,Corporativo,5,contoso.com,1970
2258,Daniela Sanchez 2258,Educacion,27,outlook.com,1996
2259,Pedro Perez 2259,Educacion,16,fabrikam.com,1978
2260,Maria Martinez 2260,Corporativo,19,cliente.co,1967
2261,Carlos Vargas 2261,Retail,20,fabrikam.com,2000
2262,Valentina Gomez 2262,Retail,10,cliente.co,2002
2263,Jorge Sanchez 2263,Pyme,29,empresa.com,1980
2264,Ana Perez 2264,Retail,12,outlook.com,1968
2265,Sofia Diaz 2265,Pyme,7,contoso.com,1973
2266,Valentina Morales 2266,Corporativo,30,cliente.co,1965
2267,Valentina Castro 2267,Educacion,1,cliente.co,1989
2268,Isabella Martinez 2268,Corporativo,3,gmail.com,1988
2269,Isabella Ramirez 2269,Retail,24,contoso.com,1998
2270,Felipe Torres 2270,Educacion,1,empresa.com,2003
2271,Felipe Morales 2271,Retail,16,contoso.com,1966
2272,Laura Rojas 2272,Retail,8,empresa.com,1980
2273,Jorge Martinez 2273,Educacion,12,fabrikam.com,1965
2274,Andres Lopez 2274,Corporativo,33,cliente.co,1978
2275,Felipe Gomez 2275,Retail,21,contoso.com,1969
2276,Daniela Garcia 2276,Corporativo,12,contoso.com,1972
2277,Juan Perez 2277,Educacion,22,fabrikam.com,1999
2278,Maria Perez 2278,Educacion,34,gmail.com,1988
2279,Jorge Lopez 2279,Pyme,30,cliente.co,1961
2280,Pedro Gomez 2280,Retail,32,gmail.com,1990
2281,Felipe Torres 2281,Retail,16,outlook.com,1971
2282,Diego Gomez 2282,Educacion,29,outlook.com,1970
2283,Ana Castro 2283,Gobierno,11,fabrikam.com,1967
2284,Ana Garcia 2284,Retail,24,contoso.com,1967
2285,Maria Torres 2285,Gobierno,8,gmail.com,1975
2286,Carlos Martinez 2286,Corporativo,15,cliente.co,1988
2287,Miguel Sanchez 2287,Pyme,33,empresa.com,1975
2288,Maria Vargas 2288,Retail,20,empresa.com,1972
2289,Camila Lopez 2289,Educacion,20,gmail.com,1960
2290,Isabella Vargas 2290,Gobierno,31,gmail.com,2001
2291,Daniela Vargas 2291,Educacion,11,contoso.com,1977
2292,Valentina Sanchez 2292,Gobierno,15,contoso.com,1967
2293,Diego Castro 2293,Pyme,9,fabrikam.com,1965
2294,Jorge Vargas 2294,Retail,1,gmail.com,1987
2295,Daniela Vargas 2295,Corporativo,17,outlook.com,1982
2296,Juan Diaz 2296,Retail,25,empresa.com,1968
2297,Sofia Perez 2297,Educacion,23,gmail.com,1977
2298,Diego Rojas 2298,Educacion,9,empresa.com,1998
2299,Laura Diaz 2299,Educacion,27,gmail.com,1967
2300,Laura Ramirez 2300,Educacion,11,gmail.com,1980
2301,Daniela Lopez 2301,Educacion,17,empresa.com,1968
2302,Ana Ramirez 2302,Retail,7,fabrikam.com,2003
2303,Valentina Perez 2303,Educacion,3,cliente.co,2002
2304,Felipe Castro 2304,Gobierno,19,contoso.com,1984
2305,Isabella Lopez 2305,Gobierno,1,cliente.co,1964
2306,Laura Gomez 2306,Educacion,12,fabrikam.com,1988
2307,Felipe Morales 2307,Gobierno,2,contoso.com,1994
2308,Andres Vargas 2308,Corporativo,18,fabrikam.com,1984
2309,Laura Diaz 2309,Corporativo,12,empresa.com,1977
2310,Laura Garcia 2310,Pyme,19,cliente.co,2002
2311,Valentina Lopez 2311,Pyme,8,outlook.com,1965
2312,Valentina Martinez 2312,Corporativo,31,empresa.com,2000
2313,Daniela Vargas 2313,Pyme,2,cliente.co,1998
2314,Camila Lopez 2314,Retail,3,gmail.com,1981
2315,Jorge Morales 2315,Gobierno,2,outlook.com,1984
2316,Maria Vargas 2316,Pyme,20,gmail.com,1993
2317,Jorge Garcia 2317,Corporativo,1,gmail.com,1973
2318,Felipe Perez 2318,Corporativo,23,contoso.com,1971
2319,Isabella Rojas 2319,Retail,31,fabrikam.com,1984
2320,Carlos Garcia 2320,Corporativo,10,outlook.com,1979
2321,Pedro Ramirez 2321,Retail,31,outlook.com,2000
2322,Maria Torres 2322,Educacion,16,gmail.com,1981
2323,Juan Sanchez 2323,Educacion,34,contoso.com,1988
2324,Jorge Garcia 2324,Pyme,30,outlook.com,1983
2325,Pedro Ramirez 2325,Educacion,2,fabrikam.com,1983
2326,Miguel Perez 2326,Pyme,6,contoso.com,1981
2327,Miguel Vargas 2327,Educacion,27,contoso.com,1981
2328,Pedro Torres 2328,Gobierno,17,gmail.com,1966
2329,Sofia Rodriguez 2329,Gobierno,14,fabrikam.com,2002
2330,Ana Torres 2330,Corporativo,14,cliente.co,1960
2331,Diego Castro 2331,Gobierno,6,fabrikam.com,2003
2332,Camila Martinez 2332,Retail,32,fabrikam.com,1965
2333,Camila Vargas 2333,Educacion,11,outlook.com,1965
2334,Miguel Sanchez 2334,Pyme,34,gmail.com,1992
2335,Sofia Diaz 2335,Corporativo,22,empresa.com,1973
2336,Isabella Perez 2336,Pyme,12,cliente.co,1961
2337,Camila Morales 2337,Gobierno,13,contoso.com,1998
2338,Carlos Sanchez 2338,Corporativo,13,cliente.co,2003
2339,Jorge Ramirez 2339,Retail,30,empresa.com,2002
2340,Sofia Sanchez 2340,Retail,19,contoso.com,2002
2341,Diego Diaz 2341,Retail,5,contoso.com,1988
2342,Carlos Sanchez 2342,Gobierno,10,fabrikam.com,1964
2343,Ana Morales 2343,Educacion,24,outlook.com,1982
2344,Juan Perez 2344,Corporativo,21,gmail.com,1983
2345,Pedro Ramirez 2345,Retail,2,outlook.com,2003
2346,Miguel Rodriguez 2346,Retail,24,empresa.com,2001
2347,Sofia Gomez 2347,Pyme,22,contoso.com,1968
2348,Maria Diaz 2348,Corporativo,27,empresa.com,1960
2349,Sofia Diaz 2349,Retail,9,fabrikam.com,1987
2350,Sofia Martinez 2350,Educacion,9,outlook.com,1985
2351,Camila Rodriguez 2351,Pyme,6,contoso.com,1964
2352,Miguel Perez 2352,Retail,27,empresa.com,1981
2353,Maria Martinez 2353,Corporativo,10,cliente.co,1975
2354,Laura Rodriguez 2354,Corporativo,5,empresa.com,1993
2355,Carlos Garcia 2355,Educacion,25,contoso.com,1987
2356,Juan Perez 2356,Pyme,31,contoso.com,1972
2357,Pedro Diaz 2357,Retail,14,empresa.com,1960
2358,Miguel Gomez 2358,Corporativo,22,fabrikam.com,1996
2359,Diego Torres 2359,Pyme,15,cliente.co,1983
2360,Camila Perez 2360,Retail,9,empresa.com,1988
2361,Carlos Lopez 2361,Pyme,11,contoso.com,1976
2362,Pedro Martinez 2362,Pyme,27,contoso.com,1981
2363,Daniela Diaz 2363,Retail,21,empresa.com,1971
2364,Pedro Lopez 2364,Gobierno,18,fabrikam.com,1997
2365,Juan Rojas 2365,Pyme,34,fabrikam.com,1997
2366,Miguel Diaz 2366,Pyme,8,cliente.co,1997
2367,Miguel Lopez 2367,Corporativo,9,gmail.com,2002
2368,Maria Rojas 2368,Retail,31,contoso.com,1964
2369,Maria Vargas 2369,Corporativo,27,gmail.com,1996
2370,Diego Torres 2370,Corporativo,31,empresa.com,1996
2371,Miguel Perez 2371,Educacion,14,contoso.com,1992
2372,Jorge Rodriguez 2372,Educacion,11,contoso.com,1983
2373,Maria Garcia 2373,Gobierno,16,contoso.com,1986
2374,Isabella Diaz 2374,Retail,9,empresa.com,2003
2375,Camila Rojas 2375,Gobierno,27,outlook.com,1968
2376,Felipe Rodriguez 2376,Educacion,5,outlook.com,1967
2377,Juan Ramirez 2377,Pyme,19,fabrikam.com,1983
2378,Pedro Rodriguez 2378,Retail,20,outlook.com,2003
2379,Diego Garcia 2379,Educacion,7,fabrikam.com,1963
2380,Carlos Rojas 2380,Corporativo,26,cliente.co,2001
2381,Miguel Castro 2381,Corporativo,2,empresa.com,1977
2382,Carlos Sanchez 2382,Educacion,31,cliente.co,1982
2383,Andres Rodriguez 2383,Educacion,29,empresa.com,1993
2384,Maria Perez 2384,Corporativo,17,outlook.com,1960
2385,Ana Gomez 2385,Gobierno,33,fabrikam.com,1965
2386,Camila Vargas 2386,Gobierno,12,cliente.co,1977
2387,Diego Morales 2387,Pyme,25,empresa.com,1989
2388,Ana Rodriguez 2388,Pyme,22,cliente.co,1967
2389,Maria Lopez 2389,Corporativo,28,fabrikam.com,1981
2390,Isabella Castro 2390,Retail,1,gmail.com,1990
2391,Felipe Torres 2391,Gobierno,12,contoso.com,1965
2392,Felipe Sanchez 2392,Corporativo,17,contoso.com,1962
2393,Diego Rojas 2393,Retail,18,cliente.co,1962
2394,Ana Castro 2394,Corporativo,22,outlook.com,1975
2395,Sofia Lopez 2395,Educacion,18,cliente.co,1999
2396,Miguel Morales 2396,Gobierno,29,cliente.co,1980
2397,Diego Perez 2397,Retail,28,contoso.com,1985
2398,Maria Gomez 2398,Pyme,5,empresa.com,1973
2399,Daniela Rodriguez 2399,Educacion,23,empresa.com,1984
2400,Camila Perez 2400,Corporativo,23,outlook.com,1975
2401,Sofia Gomez 2401,Pyme,2,gmail.com,2000
2402,Valentina Sanchez 2402,Gobierno,28,cliente.co,1981
2403,Juan Perez 2403,Gobierno,19,gmail.com,1998
2404,Jorge Rodriguez 2404,Educacion,18,contoso.com,1991
2405,Maria Ramirez 2405,Educacion,9,fabrikam.com,1971
2406,Valentina Rodriguez 2406,Pyme,13,gmail.com,1965
2407,Camila Diaz 2407,Pyme,28,cliente.co,1978
2408,Jorge Rojas 2408,Pyme,8,gmail.com,1977
2409,Andres Sanchez 2409,Corporativo,3,empresa.com,1987
2410,Valentina Diaz 2410,Pyme,30,cliente.co,1988
2411,Daniela Martinez 2411,Retail,16,cliente.co,1986
2412,Sofia Gomez 2412,Educacion,8,outlook.com,1976
2413,Andres Rodriguez 2413,Corporativo,4,contoso.com,1967
2414,Daniela Rodriguez 2414,Corporativo,7,fabrikam.com,1963
2415,Andres Ramirez 2415,Pyme,19,gmail.com,1964
2416,Andres Diaz 2416,Corporativo,7,outlook.com,1995
2417,Diego Ramirez 2417,Retail,11,contoso.com,1961
2418,Pedro Perez 2418,Corporativo,7,outlook.com,1973
2419,Ana Lopez 2419,Gobierno,5,cliente.co,1964
2420,Felipe Morales 2420,Educacion,29,gmail.com,1965
2421,Miguel Perez 2421,Retail,23,cliente.co,1991
2422,Pedro Sanchez 2422,Educacion,19,contoso.com,1988
2423,Felipe Lopez 2423,Pyme,11,cliente.co,1999
2424,Miguel Rojas 2424,Pyme,13,contoso.com,1972
2425,Pedro Ramirez 2425,Pyme,31,outlook.com,1987
2426,Valentina Lopez 2426,Corporativo,31,fabrikam.com,1996
2427,Juan Rodriguez 2427,Educacion,26,contoso.com,1991
2428,Carlos Garcia 2428,Corporativo,18,gmail.com,1982
2429,Miguel Morales 2429,Corporativo,4,gmail.com,1998
2430,Laura Garcia 2430,Gobierno,23,fabrikam.com,1977
2431,Andres Torres 2431,Gobierno,4,gmail.com,1992
2432,Maria Garcia 2432,Educacion,6,cliente.co,1996
2433,Carlos Gomez 2433,Gobierno,28,fabrikam.com,1979
2434,Diego Sanchez 2434,Pyme,33,cliente.co,1970
2435,Valentina Vargas 2435,Corporativo,13,empresa.com,1992
2436,Laura Garcia 2436,Gobierno,22,outlook.com,2003
2437,Felipe Rojas 2437,Gobierno,1,contoso.com,1961
2438,Camila Rodriguez 2438,Pyme,14,outlook.com,1985
2439,Laura Garcia 2439,Educacion,32,outlook.com,1976
2440,Miguel Diaz 2440,Pyme,5,empresa.com,1968
2441,Jorge Garcia 2441,Retail,21,empresa.com,1981
2442,Diego Torres 2442,Retail,17,empresa.com,1994
2443,Daniela Rodriguez 2443,Gobierno,9,empresa.com,1968
2444,Miguel Perez 2444,Educacion,19,fabrikam.com,1984
2445,Carlos Garcia 2445,Corporativo,5,fabrikam.com,1984
2446,Ana Rojas 2446,Educacion,5,fabrikam.com,1965
2447,Miguel Morales 2447,Pyme,13,contoso.com,2000
2448,Carlos Ramirez 2448,Gobierno,19,outlook.com,1983
2449,Miguel Diaz 2449,Retail,10,empresa.com,1982
2450,Maria Rodriguez 2450,Retail,24,outlook.com,1979
2451,Andres Perez 2451,Corporativo,2,cliente.co,1997
2452,Maria Castro 2452,Educacion,9,gmail.com,1981
2453,Felipe Vargas 2453,Gobierno,27,gmail.com,1999
2454,Miguel Sanchez 2454,Gobierno,8,contoso.com,1986
2455,Miguel Sanchez 2455,Gobierno,22,fabrikam.com,2002
2456,Pedro Castro 2456,Corporativo,32,cliente.co,1988
2457,Miguel Diaz 2457,Pyme,29,outlook.com,1968
2458,Valentina Gomez 2458,Gobierno,2,fabrikam.com,1963
2459,Jorge Garcia 2459,Educacion,5,cliente.co,1979
2460,Laura Castro 2460,Corporativo,3,cliente.co,2000
2461,Andres Castro 2461,Retail,6,fabrikam.com,2003
2462,Jorge Castro 2462,Educacion,1,outlook.com,1964
2463,Maria Gomez 2463,Retail,22,contoso.com,1979
2464,Miguel Morales 2464,Retail,18,cliente.co,1978
2465,Laura Ramirez 2465,Retail,29,contoso.com,1980
2466,Isabella Morales 2466,Educacion,1,contoso.com,1991
2467,Camila Rojas 2467,Corporativo,2,cliente.co,1964
2468,Pedro Rodriguez 2468,Educacion,19,fabrikam.com,1961
2469,Diego Perez 2469,Gobierno,5,contoso.com,2002
2470,Camila Garcia 2470,Pyme,20,contoso.com,1998
2471,Miguel Diaz 2471,Educacion,30,cliente.co,1985
2472,Jorge Torres 2472,Gobierno,13,fabrikam.com,1962
2473,Ana Rodriguez 2473,Educacion,31,outlook.com,1972
2474,Maria Morales 2474,Gobierno,30,contoso.com,1989
2475,Sofia Gomez 2475,Corporativo,27,fabrikam.com,1995
2476,Maria Vargas 2476,Corporativo,12,outlook.com,1972
2477,Andres Perez 2477,Retail,5,empresa.com,1978
2478,Laura Garcia 2478,Educacion,34,gmail.com,1999
2479,Juan Perez 2479,Gobierno,32,outlook.com,1999
2480,Sofia Castro 2480,Corporativo,16,cliente.co,1964
2481,Carlos Castro 2481,Retail,20,gmail.com,1963
2482,Laura Rodriguez 2482,Gobierno,11,fabrikam.com,1992
2483,Miguel Rodriguez 2483,Gobierno,26,cliente.co,1972
2484,Felipe Rodriguez 2484,Retail,29,gmail.com,1968
2485,Valentina Rodriguez 2485,Pyme,33,cliente.co,1970
2486,Carlos Rodriguez 2486,Retail,26,contoso.com,2000
2487,Daniela Gomez 2487,Educacion,11,gmail.com,1960
2488,Ana Vargas 2488,Gobierno,22,fabrikam.com,1960
2489,Felipe Martinez 2489,Educacion,32,cliente.co,1990
2490,Daniela Torres 2490,Gobierno,5,cliente.co,1961
2491,Laura Rodriguez 2491,Retail,18,cliente.co,1973
2492,Andres Sanchez 2492,Pyme,10,outlook.com,1986
2493,Maria Castro 2493,Gobierno,16,fabrikam.com,2001
2494,Andres Ramirez 2494,Gobierno,32,contoso.com,1980
2495,Jorge Torres 2495,Corporativo,24,empresa.com,1980
2496,Ana Castro 2496,Gobierno,16,empresa.com,1967
2497,Daniela Morales 2497,Corporativo,26,outlook.com,2001
2498,Isabella Diaz 2498,Gobierno,30,gmail.com,1962
2499,Daniela Torres 2499,Corporativo,22,fabrikam.com,1960
2500,Felipe Ramirez 2500,Gobierno,5,cliente.co,1987
